type,product_internal_id,product_sku,product_name,product_price,product_compare_to_price,product_is_inventory_tracked,product_quantity,product_quantity_out_of_stock_behaviour,product_low_stock_notification_quantity,product_quantity_minimum_allowed_for_purchase,product_quantity_maximum_allowed_for_purchase,product_is_available,product_media_main_image_url,product_media_main_image_alt,product_media_gallery_image_url_1,product_media_gallery_image_alt_1,product_media_gallery_image_url_2,product_media_gallery_image_alt_2,product_media_gallery_image_url_3,product_media_gallery_image_alt_3,product_media_gallery_image_url_4,product_media_gallery_image_alt_4,product_media_gallery_image_url_5,product_media_gallery_image_alt_5,product_description,product_category_1,product_is_featured,product_is_featured_order_by,product_brand,product_upc,product_weight,product_is_shipping_required,product_shipping_preparation_time_for_shipping_in_days,product_shipping_preparation_time_for_pickup_in_minutes,product_shipping_preparation_time_for_local_delivery_in_minutes,product_shipping_preparation_time_for_preorders_in_days,product_shipping_show_delivery_date_on_the_product_page,product_shipping_type,product_shipping_fixed_rate,product_shipping_method_markup,product_shipping_white_list,product_shipping_black_list,product_tax_class_code,product_battery_included,product_seo_title,product_seo_description,product_related_item_ids,product_related_item_skus,product_related_items_random,product_related_items_random_category,product_related_items_random_number_of_items,product_price_wholesale_quantity_1,product_price_wholesale_value_1,product_price_wholesale_quantity_2,product_price_wholesale_value_2,product_price_wholesale_quantity_3,product_price_wholesale_value_3,product_price_wholesale_quantity_4,product_price_wholesale_value_4,product_custom_price_enabled,product_google_product_category_code,product_option_name,product_option_type,product_option_is_required,product_option_value,product_option_markup,product_option_is_default_option_selection,product_option_swatch_hex_value,product_option_swatch_image,product_option_swatch_selector_is_image,source_store_id,url
product,799721612,00083,3ft NEMA 6-20P to 2x IEC C13 Power Splitter Cable,24.99,,false,0,,1,,,true,https://d2j6dbq0eux0bg.cloudfront.net/images/99673270/5423250594.webp,,,,,,,,,,,,"<p>Brand: <span class=""details-product-attribute__value"" style=""background-color: initial;"">Antminer</span></p><div><p>3ft NEMA 6-20P to 2x IEC C13 Power Splitter Cable</p></div>",ASIC Miner Replacement Parts,false,,,,,false,,,,,false,GLOBAL_METHODS,0.00,0.00,,,default,false,3ft NEMA 6-20P to 2x IEC C13 Power Splitter Cable,Brand: Antminer 3ft NEMA 6-20P to 2x IEC C13 Power Splitter Cable,,,false,,5,,,,,,,,,false,,,,,,,,,,,99673270,https://www.canadabtcminers.ca/asic-miner-store/3ft-NEMA-6-20P-to-2x-IEC-C13-Power-Splitter-Cable-p799721612
product,706736087,00062,3ft NEMA 6-20P to IEC C13 Power Cable,19.99,,false,0,,1,,,true,https://d2j6dbq0eux0bg.cloudfront.net/images/99673270/4686134410.png,,https://d2j6dbq0eux0bg.cloudfront.net/images/99673270/4686146625.webp,,,,,,,,,,<p>3ft NEMA 6-20P to IEC C13 Power Splitter Cable </p>,ASIC Miner Replacement Parts,false,,Antminer,,,false,,,,,false,GLOBAL_METHODS,14.99,0.00,,,default,false,3ft NEMA 6-20P to IEC C13 Power Cable,3ft NEMA 6-20P to IEC C13 Power Splitter Cable,,,false,,5,,,,,,,,,false,,,,,,,,,,,99673270,https://www.canadabtcminers.ca/asic-miner-store/3ft-NEMA-6-20P-to-IEC-C13-Power-Cable-p706736087
product,799714394,00075,Antminer Fan 120x120x38,9.99,,false,0,,1,,,true,https://d2j6dbq0eux0bg.cloudfront.net/images/99673270/5423000410.png,,,,,,,,,,,,<p><strong></strong><strong>Voltage: </strong>DC12V</p><p><strong>Current:</strong> 2.7A</p><p><strong>Rated power:</strong> 32.40W</p><p><strong>Speed:</strong> 6500R.P.M</p><p><strong>Air volume: </strong>210.38CFM</p><p><strong>Noise:</strong> 64 dB-A</p>,ASIC Miner Replacement Parts,false,,,,,false,,,,,false,GLOBAL_METHODS,0.00,0.00,,,default,false,Antminer Fan 120x120x38,Voltage: DC12V Current: 2.7A Rated power: 32.40W Speed: 6500R.P.M Air volume: 210.38CFM Noise: 64 dB-A,,,false,,5,,,,,,,,,false,,,,,,,,,,,99673270,https://www.canadabtcminers.ca/asic-miner-store/Antminer-Fan-120x120x38-p799714394
product,799714396,00076,Antminer Fan For S21/T21/KS5/S19Kpro 4.5A 7000rpm square 4pin,27.99,,false,0,,1,,,true,https://d2j6dbq0eux0bg.cloudfront.net/images/99673270/5423077093.png,,,,,,,,,,,,"<p><strong></strong><strong>Brand new genuine fan, For Antminer S21, T21, S19jXP, KS5, S19Kpro etc.</strong></p><div><p><strong>Original MARTECH</strong><br><strong>Model:</strong> DF1203812B2FN<br><strong>Motor winding form: </strong>8 groups<br><strong>Input voltage:</strong> 12V<br><strong>Current:</strong> 4.5A<br><br></p><div><br></div></div><div></div><section><div></div></section>",ASIC Miner Replacement Parts,false,,,,,false,,,,,false,GLOBAL_METHODS,0.00,0.00,,,default,false,Antminer Fan For S21/T21/KS5/S19Kpro 4.5A 7000rpm square 4pin,"Brand new genuine fan, For Antminer S21, T21, S19jXP, KS5, S19Kpro etc. Original MARTECH Model: DF1203812B2FN Motor winding form: 8 groups Input voltage: 12V Current: 4.5A",,,false,,5,,,,,,,,,false,,,,,,,,,,,99673270,https://www.canadabtcminers.ca/asic-miner-store/Antminer-Fan-For-S21-T21-KS5-S19Kpro-4-5A-7000rpm-square-4pin-p799714396
product,632647001,00014,Antminer L7 8050MH-9500MH BRAND NEW,1830.00,,false,0,,1,,,true,https://d2j6dbq0eux0bg.cloudfront.net/images/99673270/products/632647001/4146564939.jpg,,https://d2j6dbq0eux0bg.cloudfront.net/images/99673270/products/632647001/4146566596.jpg,,,,,,,,,,"<div><h2>Description<hr></h2></div><div><span class=""font-semibold text-dark/70 dark:text-white/70 "">Bitmain Antminer L7 (9.5Gh)</span> is an ASIC miner designed for <span class=""font-semibold text-dark/70 dark:text-white/70"">Scrypt algorithm</span>, specifically targeting <span class=""font-semibold text-dark/70 dark:text-white/70"">DOGE (Dogecoin)</span> and <span class=""font-semibold text-dark/70 dark:text-white/70"">LTC (Litecoin)</span>. It delivers a maximum hashrate of <span class=""font-semibold text-dark/70 dark:text-white/70"">9.5Gh/s</span> while consuming <span class=""font-semibold text-dark/70 dark:text-white/70"">3425W of power, resulting in an energy efficiency of <span class=""font-semibold text-dark/70 dark:text-white/70"">0.361j/Mh</span>.<div><h2>Specifications<hr></h2></div><table class=""w-full ecwid-description-table""><tbody><tr><td>Manufacturer</td><td>Bitmain</td></tr><tr><td>Model</td><td>Antminer L7 (9.5Gh)</td></tr><tr><td>Also known as</td><td>Antminer L7 9500Mh</td></tr><tr><td>Release</td><td>Oct 2021</td></tr><tr><td>Size</td><td>195 x 290 x 370mm</td></tr><tr><td>Weight</td><td>15.00kg</td></tr><tr><td>Noise level</td><td>75dB</td></tr><tr><td>Fan(s)</td><td>4</td></tr><tr><td>Power</td><td>3425W</td></tr><tr><td>Interface</td><td>Ethernet</td></tr><tr><td>Temperature</td><td>5 - 45 °C</td></tr><tr><td>Humidity</td><td>5 - 95 %</td></tr></tbody></table></span></div><div><span class=""font-semibold text-dark/70 dark:text-white/70""><div><h2 class=""font-satoshi text-xl text-black  dark:text-white md:text-xl lg:mb-2 lg:text-heading-5 xl:text-heading-5 "" style=""box-sizing: border-box; border: 0px solid rgb(229, 231, 235); --tw-border-spacing-x: 0; --tw-border-spacing-y: 0; --tw-translate-x: 0; --tw-translate-y: 0; --tw-rotate: 0; --tw-skew-x: 0; --tw-skew-y: 0; --tw-scale-x: 1; --tw-scale-y: 1; --tw-pan-x: ; --tw-pan-y: ; --tw-pinch-zoom: ; --tw-scroll-snap-strictness: proximity; --tw-gradient-from-position: ; --tw-gradient-via-position: ; --tw-gradient-to-position: ; --tw-ordinal: ; --tw-slashed-zero: ; --tw-numeric-figure: ; --tw-numeric-spacing: ; --tw-numeric-fraction: ; --tw-ring-inset: ; --tw-ring-offset-width: 0px; --tw-ring-offset-color: #fff; --tw-ring-color: rgba(59,130,246,.5); --tw-ring-offset-shadow: 0 0 #0000; --tw-ring-shadow: 0 0 #0000; --tw-shadow: 0 0 #0000; --tw-shadow-colored: 0 0 #0000; --tw-blur: ; --tw-brightness: ; --tw-contrast: ; --tw-grayscale: ; --tw-hue-rotate: ; --tw-invert: ; --tw-saturate: ; --tw-sepia: ; --tw-drop-shadow: ; --tw-backdrop-blur: ; --tw-backdrop-brightness: ; --tw-backdrop-contrast: ; --tw-backdrop-grayscale: ; --tw-backdrop-hue-rotate: ; --tw-backdrop-invert: ; --tw-backdrop-opacity: ; --tw-backdrop-saturate: ; --tw-backdrop-sepia: ; --tw-contain-size: ; --tw-contain-layout: ; --tw-contain-paint: ; --tw-contain-style: ; font-size: 28px; font-weight: inherit; margin-bottom: 0.5rem; font-family: __satoshi_30e86c, __satoshi_Fallback_30e86c, sans-serif; line-height: 40px; --tw-text-opacity: 1; color: rgb(255, 255, 255);"" rel=""box-sizing: border-box; border: 0px solid rgb(229, 231, 235); --tw-border-spacing-x: 0; --tw-border-spacing-y: 0; --tw-translate-x: 0; --tw-translate-y: 0; --tw-rotate: 0; --tw-skew-x: 0; --tw-skew-y: 0; --tw-scale-x: 1; --tw-scale-y: 1; --tw-pan-x: ; --tw-pan-y: ; --tw-pinch-zoom: ; --tw-scroll-snap-strictness: proximity; --tw-gradient-from-position: ; --tw-gradient-via-position: ; --tw-gradient-to-position: ; --tw-ordinal: ; --tw-slashed-zero: ; --tw-numeric-figure: ; --tw-numeric-spacing: ; --tw-numeric-fraction: ; --tw-ring-inset: ; --tw-ring-offset-width: 0px; --tw-ring-offset-color: #fff; --tw-ring-color: rgba(59,130,246,.5); --tw-ring-offset-shadow: 0 0 #0000; --tw-ring-shadow: 0 0 #0000; --tw-shadow: 0 0 #0000; --tw-shadow-colored: 0 0 #0000; --tw-blur: ; --tw-brightness: ; --tw-contrast: ; --tw-grayscale: ; --tw-hue-rotate: ; --tw-invert: ; --tw-saturate: ; --tw-sepia: ; --tw-drop-shadow: ; --tw-backdrop-blur: ; --tw-backdrop-brightness: ; --tw-backdrop-contrast: ; --tw-backdrop-grayscale: ; --tw-backdrop-hue-rotate: ; --tw-backdrop-invert: ; --tw-backdrop-opacity: ; --tw-backdrop-saturate: ; --tw-backdrop-sepia: ; --tw-contain-size: ; --tw-contain-layout: ; --tw-contain-paint: ; --tw-contain-style: ; font-size: 28px; font-weight: inherit; margin-bottom: 0.5rem; font-family: __satoshi_30e86c, __satoshi_Fallback_30e86c, sans-serif; line-height: 40px; --tw-text-opacity: 1; color: rgb(255, 255, 255);"">Specification</h2></div></span></div>",,true,11,Antminer,,,false,,,,,false,FLAT_RATE,99.99,0.00,,,default,false,Antminer L7 8050MH-9500MH BRAND NEW,"Model Antminer L7 from Bitmain mining Scrypt algorithm with a maximum hashrate of 9.5 Gh/s for a power consumption of 3425W.

Bitmain Antminer L7
Scrypt Mining Specialist
Dogecoin (DOGE) & Litecoin (LTC) Optimized
8.8Gh/s Peak Performance
3425W Energy Consumption
High Profitability Potential
DOGE & LTC Mining Powerhouse
Enhanced Hashrate for Maximum Earnings
Energy-Efficient DOGE/LTC Mining
Robust Build for Continuous Operation
Low Maintenance, High Reward
Maximizing Returns on DOGE & LTC
Strategic Investment in Crypto Mining
Future-Proof Hardware for Scrypt Coins
Optimal Solution for Serious Miners","706736087,799721612","00062,00083",false,,5,,,,,,,,,false,,,,,,,,,,,99673270,https://www.canadabtcminers.ca/asic-miner-store/Antminer-L7-8050MH-9500MH-BRAND-NEW-p632647001
product_option,632647001,00014,,,,,,,,,,,,,,,,,,,,,,,,,,,,,,,,,,,,,,,,,,,,,,,,,,,,,,,,,,,,Model,SIZE,true,8800M,0.00,false,,,,99673270,
product_option,632647001,00014,,,,,,,,,,,,,,,,,,,,,,,,,,,,,,,,,,,,,,,,,,,,,,,,,,,,,,,,,,,,Model,SIZE,true,9050M,35.00,false,,,,99673270,
product_option,632647001,00014,,,,,,,,,,,,,,,,,,,,,,,,,,,,,,,,,,,,,,,,,,,,,,,,,,,,,,,,,,,,Model,SIZE,true,9300M,75.00,false,,,,99673270,
product_option,632647001,00014,,,,,,,,,,,,,,,,,,,,,,,,,,,,,,,,,,,,,,,,,,,,,,,,,,,,,,,,,,,,Model,SIZE,true,9500M,120.00,false,,,,99673270,
product,666882400,00043,Antminer Miner Cooling Fan 120mm*120mm*38mm,4.49,,false,0,,1,,,true,https://d2j6dbq0eux0bg.cloudfront.net/images/99673270/4360563613,,,,,,,,,,,,"<p>The Antminer Cooling Fan is an exceptional, high-performance cooling solution equipped with dual bearings, ideal for extensive maintenance needs. With a size of 120mm x 120mm x 38mm and requiring a 12V/1.85A power source, this fan fits a variety of Antminer models such as the V9, S9, S9J, S9K, S9SE, S11, S15, S17, S17 Pro, S17+, T17, T17E, S19, and S19 Pro ASIC miners.</p><p>This fan features a robust all-copper motor that runs at a powerful 7000 rpm, ensuring effective cooling across your mining setup. The inclusion of double bearings in its design not only enhances performance but also significantly increases its lifespan—lasting 4-6 times longer than ordinary single-bearing fans. This durable and efficient cooling fan is crucial for optimizing and prolonging the functionality of your mining hardware.</p>",,true,1,,,,false,,,,,false,FLAT_RATE,9.99,0.00,,,default,false,Antminer Miner Cooling Fan 120mm*120mm*38mm,"The Antminer Cooling Fan is an exceptional, high-performance cooling solution equipped with dual bearings, ideal for extensive maintenance needs. With a size of 120mm x 120mm x 38mm and requiring a 12V/1.85A power source, this fan fits a variety of Antminer models such as the V9, S9, S9J, S9K, S9SE,…",,,false,,5,,,,,,,,,false,,,,,,,,,,,99673270,https://www.canadabtcminers.ca/asic-miner-store/Antminer-Miner-Cooling-Fan-120mm*120mm*38mm-p666882400
product,632281375,00009,Antminer S19 (95Th) USED,270.00,,false,0,ALLOW_PREORDER,1,,,true,https://d2j6dbq0eux0bg.cloudfront.net/images/99673270/products/632281375/4144903522.jpg,,,,,,,,,,,,"<p><span style=""font-size: 28px;""></span><span style=""font-size: 28px;"">Description</span></p><div><h2><hr></h2></div><div><span class=""font-semibold text-dark/70 dark:text-white/70 "">Bitmain Antminer S19 (95Th)</span> is an ASIC miner designed for <span class=""font-semibold text-dark/70 dark:text-white/70"">SHA-256 algorithm</span>, specifically targeting <span class=""font-semibold text-dark/70 dark:text-white/70"">BTC (Bitcoin)</span> . It delivers a maximum hashrate of <span class=""font-semibold text-dark/70 dark:text-white/70"">95Th/s</span> while consuming <span class=""font-semibold text-dark/70 dark:text-white/70"">3250W of power, resulting in an energy efficiency of <span class=""font-semibold text-dark/70 dark:text-white/70"">0.034j/Gh</span>.<div><h2>Specifications<hr></h2></div><table class=""w-full ecwid-description-table""><tbody><tr><td>Manufacturer</td><td>Bitmain</td></tr><tr><td>Model</td><td>Antminer S19 (95Th)</td></tr><tr><td>Release</td><td>Apr 2020</td></tr><tr><td>Size</td><td>195 x 290 x 400mm</td></tr><tr><td>Weight</td><td>14.50kg</td></tr><tr><td>Noise level</td><td>75dB</td></tr><tr><td>Fan(s)</td><td>4</td></tr><tr><td>Power</td><td>3250W</td></tr><tr><td>Interface</td><td>Ethernet</td></tr><tr><td>Temperature</td><td>5 - 40 °C</td></tr><tr><td>Humidity</td><td>5 - 95 %<br><br></td></tr></tbody></table></span></div>",,true,5,Antminer,,,false,,,,,false,FLAT_RATE,99.99,0.00,,,default,false,Antminer S19 (95Th) USED,"Model Antminer S19 (95Th) from Bitmain mining SHA-256 algorithm with a maximum hashrate of 95Th/s for a power consumption of 3250W.

Bitcoin mining
ASIC miner
95 TH/s hash rate
Bitmain S19 Antminer
Cryptocurrency hardware
High efficiency
Blockchain technology
Energy consumption
Mining rig
SHA-256 algorithm
Network security
Digital currency mining
Profitable mining
Mining pool compatibility
Sustainable mining","706736087,799721612","00062,00083",false,,5,,,,,,,,,false,,,,,,,,,,,99673270,https://www.canadabtcminers.ca/asic-miner-store/Antminer-S19-95Th-USED-p632281375
product,632281392,1,Antminer S19j Pro (104Th) USED,280.00,,false,0,ALLOW_PREORDER,250,,,true,https://d2j6dbq0eux0bg.cloudfront.net/images/99673270/products/632281392/4144865940.jpg,,https://d2j6dbq0eux0bg.cloudfront.net/images/99673270/products/632281392/4144902764.jpg,,,,,,,,,,"<p><strong><span style=""font-size: 28px;""></span></strong><strong><span style=""font-size: 28px;"">Description</span></strong></p><div><h2><hr></h2></div><div><span class=""font-semibold text-dark/70 dark:text-white/70 "">Bitmain Antminer S19j Pro (104Th)</span> is an ASIC miner designed for <span class=""font-semibold text-dark/70 dark:text-white/70"">SHA-256 algorithm</span>, specifically targeting <span class=""font-semibold text-dark/70 dark:text-white/70"">BTC (Bitcoin)</span> . It delivers a maximum hashrate of <span class=""font-semibold text-dark/70 dark:text-white/70"">104Th/s</span> while consuming <span class=""font-semibold text-dark/70 dark:text-white/70"">3068W of power, resulting in an energy efficiency of <span class=""font-semibold text-dark/70 dark:text-white/70"">29.5j/Th</span>.<div><h2>Specifications<hr></h2></div><table class=""w-full ecwid-description-table""><tbody><tr><td>Manufacturer</td><td>Bitmain</td></tr><tr><td>Model</td><td>Antminer S19j Pro (104Th)</td></tr><tr><td>Release</td><td>Jul 2021</td></tr><tr><td>Size</td><td>195 x 290 x 370mm</td></tr><tr><td>Weight</td><td>13.20kg</td></tr><tr><td>Noise level</td><td>75dB</td></tr><tr><td>Fan(s)</td><td>4</td></tr><tr><td>Power</td><td>3068W</td></tr><tr><td>Voltage</td><td>12V</td></tr><tr><td>Interface</td><td>Ethernet</td></tr><tr><td>Temperature</td><td>5 - 35 °C</td></tr><tr><td>Humidity</td><td>5 - 95 %</td></tr></tbody></table></span></div>",,true,6,Antminer,,,false,,,,,false,FLAT_RATE,99.99,0.00,,,default,false,Antminer S19j Pro (104Th) USED,"Model Antminer S19j Pro (104Th) from Bitmain mining SHA-256 algorithm with a maximum hashrate of 104Th/s for a power consumption of 3068W.

Antminer S19j Pro
104 TH/s hash rate
100 TH/s efficiency
96 TH/s performance
Bitmain technology
ASIC mining rig
Cryptocurrency mining equipment
SHA-256 algorithm support
High-performance Bitcoin mining
Energy-efficient mining hardware
Blockchain security
Profitable Bitcoin miner
Digital currency extraction
Mining pool compatible
Advanced cooling system","706736087,799721612","00062,00083",false,,5,,,,,,,,,false,,,,,,,,,,,99673270,https://www.canadabtcminers.ca/asic-miner-store/Antminer-S19j-Pro-104Th-USED-p632281392
product,632282938,00010,Antminer S19j Pro Plus (120Th) USED,350.00,,false,0,,1,,,true,https://d2j6dbq0eux0bg.cloudfront.net/images/99673270/products/632282938/4144884834.jpg,,,,,,,,,,,,"<p><span style=""font-size: 28px;""></span><span style=""font-size: 28px;"">Description</span></p><div><h2><hr></h2></div><div><span class=""font-semibold text-dark/70 dark:text-white/70 "">Bitmain Antminer S19j Pro+ (122Th)</span> is an ASIC miner designed for <span class=""font-semibold text-dark/70 dark:text-white/70"">SHA-256 algorithm</span>, specifically targeting <span class=""font-semibold text-dark/70 dark:text-white/70"">BTC (Bitcoin)</span> . It delivers a maximum hashrate of <span class=""font-semibold text-dark/70 dark:text-white/70"">122Th/s</span> while consuming <span class=""font-semibold text-dark/70 dark:text-white/70"">3355W of power, resulting in an energy efficiency of <span class=""font-semibold text-dark/70 dark:text-white/70"">27.5j/Th</span>.<div><h2>Specifications<hr></h2></div><table class=""w-full ecwid-description-table""><tbody><tr><td>Manufacturer</td><td>Bitmain</td></tr><tr><td>Model</td><td>Antminer S19j Pro+ (122Th)</td></tr><tr><td>Also known as</td><td>Antminer S19j Pro Plus 122T</td></tr><tr><td>Release</td><td>Dec 2022</td></tr><tr><td>Size</td><td>195 x 290 x 370mm</td></tr><tr><td>Weight</td><td>13.20kg</td></tr><tr><td>Noise level</td><td>75dB</td></tr><tr><td>Fan(s)</td><td>4</td></tr><tr><td>Power</td><td>3355W</td></tr><tr><td>Interface</td><td>Ethernet</td></tr><tr><td>Temperature</td><td>5 - 45 °C</td></tr><tr><td>Humidity</td><td>5 - 95 %<br><br></td></tr></tbody></table></span></div>",,true,7,Antminer,,,false,,,,,false,FLAT_RATE,99.99,0.00,,,default,false,Antminer S19j Pro Plus (120Th) USED,"Model Antminer S19j Pro+ (122Th) from Bitmain mining SHA-256 algorithm with a maximum hashrate of 122Th/s for a power consumption of 3355W.

120 TH/s mining power
Peak efficiency ASIC miner
High-hashrate Bitcoin miner
Bitmain advanced technology
Energy-efficient cryptocurrency mining
Leading SHA-256 algorithm support
Enhanced mining profitability
Durable mining hardware
Low electricity consumption
Optimal thermal control
Top-tier blockchain security
Sustainable mining solution
Ultra-high performance mining
Future-proof mining investment
Superior mining capacity","706736087,799721612","00062,00083",false,,5,10+,330.00,,,,,,,false,,,,,,,,,,,99673270,https://www.canadabtcminers.ca/asic-miner-store/Antminer-S19j-Pro-Plus-120Th-USED-p632282938
product,632281489,00011,Antminer S19 Pro (110Th) USED,340.00,,false,0,,1,,,true,https://d2j6dbq0eux0bg.cloudfront.net/images/99673270/products/632281489/4144884939.jpg,,,,,,,,,,,,"<p>Model <strong>Antminer S19 Pro (110Th) </strong>from <strong>Bitmain </strong>mining <strong>SHA-256 algorithm </strong>with a maximum hashrate of <strong>110Th/s </strong>for a power consumption of <strong>3250W.</strong></p><p><strong></strong></p><table class=""table table-striped ecwid-description-table""><tbody><tr><th>Manufacturer</th><td>Bitmain</td></tr><tr><th>Model</th><td>Antminer S19 Pro (110Th)</td></tr><tr><th>Release</th><td>May 2020</td></tr><tr><th>Size</th><td>195 x 290 x 370mm</td></tr><tr><th>Weight</th><td>13200g</td></tr><tr><th>Noise level</th><td>75db</td></tr><tr><th>Fan(s)</th><td>4</td></tr><tr><th>Power</th><td>3250W</td></tr><tr><th>Voltage</th><td>12V</td></tr><tr><th>Interface</th><td>Ethernet</td></tr><tr><th>Temperature</th><td>5 - 40 °C</td></tr><tr><th>Humidity</th><td>5 - 95 %</td></tr></tbody></table>",,true,8,Antminer,,,false,,,,,false,FLAT_RATE,99.99,0.00,,,default,false,Antminer S19 Pro (110Th) USED,"Model Antminer S19 Pro (110Th) from Bitmain mining SHA-256 algorithm with a maximum hashrate of 110Th/s for a power consumption of 3250W.

High Efficiency
Optimal Performance
110 TH/s Hashrate
Low Power Consumption
Leading Crypto Mining
Advanced Cooling System
Longevity and Durability
Secure Investment
Blockchain Technology
Bitcoin Mining Powerhouse
Eco-Friendly Mining
Cutting-Edge ASIC Technology
Profitable Mining Solution
Industry Standard
Reliable Operation","706736087,799721612","00062,00083",false,,5,,,,,,,,,false,,,,,,,,,,,99673270,https://www.canadabtcminers.ca/asic-miner-store/Antminer-S19-Pro-110Th-USED-p632281489
product,673938218,00055,Antminer S19 XP (141)TH USED,450.00,,false,0,,1,,,true,https://d2j6dbq0eux0bg.cloudfront.net/images/99673270/products/673938218/4397185115,,,,,,,,,,,,"<p><strong><span style=""font-size: 28px;""></span></strong><strong><span style=""font-size: 28px;"">Description</span></strong></p><div><h2><hr></h2></div><div><span class=""font-semibold text-dark/70 dark:text-white/70 "">Bitmain Antminer S19 XP (140Th)</span> is an ASIC miner designed for <span class=""font-semibold text-dark/70 dark:text-white/70"">SHA-256 algorithm</span>, specifically targeting <span class=""font-semibold text-dark/70 dark:text-white/70"">BTC (Bitcoin)</span> . It delivers a maximum hashrate of <span class=""font-semibold text-dark/70 dark:text-white/70"">140Th/s</span> while consuming <span class=""font-semibold text-dark/70 dark:text-white/70"">3010W of power, resulting in an energy efficiency of <span class=""font-semibold text-dark/70 dark:text-white/70"">21.5j/Th</span>.<div><h2>Specifications<hr></h2></div><table class=""w-full ecwid-description-table""><tbody><tr><td>Manufacturer</td><td>Bitmain</td></tr><tr><td>Model</td><td>Antminer S19 XP (140Th)</td></tr><tr><td>Also known as</td><td>S19XP</td></tr><tr><td>Release</td><td>Jun 2022</td></tr><tr><td>Size</td><td>195 x 290 x 400mm</td></tr><tr><td>Weight</td><td>14.50kg</td></tr><tr><td>Noise level</td><td>75dB</td></tr><tr><td>Fan(s)</td><td>4</td></tr><tr><td>Power</td><td>3010W</td></tr><tr><td>Interface</td><td>Ethernet</td></tr><tr><td>Temperature</td><td>5 - 45 °C</td></tr><tr><td>Humidity</td><td>5 - 95 %<br><br></td></tr></tbody></table></span></div>",,true,17,,,,false,,,,,false,FLAT_RATE,99.99,0.00,,,default,false,Antminer S19 XP (141)TH USED,"Description Bitmain Antminer S19 XP (140Th) is an ASIC miner designed for SHA-256 algorithm , specifically targeting BTC (Bitcoin) . It delivers a maximum hashrate of 140Th/s while consuming 3010W of power, resulting in an energy efficiency of 21.5j/Th . Specifications Manufacturer Bitmain Model…","706736087,799721612","00062,00083",false,,5,,,,,,,,,false,,,,,,,,,,,99673270,https://www.canadabtcminers.ca/asic-miner-store/Antminer-S19-XP-141-TH-USED-p673938218
product_option,673938218,00055,,,,,,,,,,,,,,,,,,,,,,,,,,,,,,,,,,,,,,,,,,,,,,,,,,,,,,,,,,,,Model,DROPDOWNLIST,true,S19 XP 134TH,0.00,false,,,,99673270,
product_option,673938218,00055,,,,,,,,,,,,,,,,,,,,,,,,,,,,,,,,,,,,,,,,,,,,,,,,,,,,,,,,,,,,Model,DROPDOWNLIST,true,S19 XP 141TH,50.00,false,,,,99673270,
product,769976558,00067,Antminer S19 XP Hydro 257TH,1999.99,,false,0,,1,,,true,https://d2j6dbq0eux0bg.cloudfront.net/images/99673270/5070590363.jpg,,,,,,,,,,,,"<p><span style=""font-size: 28px;""></span><span style=""font-size: 28px;"">Description</span></p><div><h2><hr></h2></div><div><span class=""font-semibold text-dark/70 dark:text-white/70 "">Bitmain Antminer S19 XP Hyd (257Th)</span> is an ASIC miner designed for <span class=""font-semibold text-dark/70 dark:text-white/70"">SHA-256 algorithm</span>, specifically targeting <span class=""font-semibold text-dark/70 dark:text-white/70"">BTC (Bitcoin)</span> . It delivers a maximum hashrate of <span class=""font-semibold text-dark/70 dark:text-white/70"">257Th/s</span> while consuming <span class=""font-semibold text-dark/70 dark:text-white/70"">5345W of power, resulting in an energy efficiency of <span class=""font-semibold text-dark/70 dark:text-white/70"">20.798j/Th</span>.<br><br><div><h2>Specifications<hr></h2></div><table class=""w-full ecwid-description-table""><tbody><tr><td>Manufacturer</td><td>Bitmain</td></tr><tr><td>Model</td><td>Antminer S19 XP Hyd (257Th)</td></tr><tr><td>Also known as</td><td>Antminer S19 XP Hydro (255Th)</td></tr><tr><td>Release</td><td>Oct 2022</td></tr><tr><td>Size</td><td>410 x 170 x 209mm</td></tr><tr><td>Weight</td><td>13.10kg</td></tr><tr><td>Noise level</td><td>50dB</td></tr><tr><td>Cooling</td><td>Water cooling</td></tr><tr><td>Fan(s)</td><td>0</td></tr><tr><td>Power</td><td>5345W</td></tr><tr><td>Interface</td><td>Ethernet</td></tr><tr><td>Temperature</td><td>5 - 40 °C</td></tr><tr><td>Humidity</td><td>10 - 90 %<br><br></td></tr></tbody></table><br></span></div>",,true,28,,,,false,,,,,false,FLAT_RATE,129.99,0.00,,,default,false,Antminer S19 XP Hydro 257TH,"Description Bitmain Antminer S19 XP Hyd (257Th) is an ASIC miner designed for SHA-256 algorithm , specifically targeting BTC (Bitcoin) . It delivers a maximum hashrate of 257Th/s while consuming 5345W of power, resulting in an energy efficiency of 20.798j/Th . Specifications Manufacturer Bitmain…",,,false,,5,,,,,,,,,false,,,,,,,,,,,99673270,https://www.canadabtcminers.ca/asic-miner-store/Antminer-S19-XP-Hydro-257TH-p769976558
product,769891696,00068,Antminer S19 XP+ Hydro 293TH,2350.00,,false,0,,1,,,true,https://d2j6dbq0eux0bg.cloudfront.net/images/99673270/5070540465.png,,,,,,,,,,,,"<p><span style=""font-size: 28px;""><strong>Description</strong></span></p><div><h2><hr></h2></div><div><span class=""font-semibold text-dark/70 dark:text-white/70 "">Bitmain Antminer S19 XP+ Hyd (293Th)</span> is an ASIC miner designed for <span class=""font-semibold text-dark/70 dark:text-white/70"">SHA-256 algorithm</span>, specifically targeting <span class=""font-semibold text-dark/70 dark:text-white/70"">BTC (Bitcoin)</span> . It delivers a maximum hashrate of <span class=""font-semibold text-dark/70 dark:text-white/70"">293Th/s</span> while consuming <span class=""font-semibold text-dark/70 dark:text-white/70"">5567W of power, resulting in an energy efficiency of <span class=""font-semibold text-dark/70 dark:text-white/70"">19j/Th</span>.<br><br><br><div><h2>Specifications<hr></h2></div><table class=""w-full ecwid-description-table""><tbody><tr><td>Manufacturer</td><td>Bitmain</td></tr><tr><td>Model</td><td>Antminer S19 XP+ Hyd (293Th)</td></tr><tr><td>Also known as</td><td>Antminer S19 XP+ Hydro (293Th)</td></tr><tr><td>Release</td><td>Apr 2025</td></tr><tr><td>Size</td><td>410 x 170 x 209mm</td></tr><tr><td>Weight</td><td>13.50kg</td></tr><tr><td>Noise level</td><td>50dB</td></tr><tr><td>Cooling</td><td>Hydro cooling</td></tr><tr><td>Power</td><td>5567W</td></tr><tr><td>Interface</td><td>Ethernet</td></tr><tr><td>Temperature</td><td>5 - 40 °C</td></tr><tr><td>Humidity</td><td>10 - 90 %</td></tr></tbody></table></span></div>",,true,29,,,,false,,,,,false,FLAT_RATE,129.99,0.00,,,default,false,Antminer S19 XP+ Hydro 293TH,"Description Bitmain Antminer S19 XP+ Hyd (293Th) is an ASIC miner designed for SHA-256 algorithm , specifically targeting BTC (Bitcoin) . It delivers a maximum hashrate of 293Th/s while consuming 5567W of power, resulting in an energy efficiency of 19j/Th . Specifications Manufacturer Bitmain Model…",,,false,,5,,,,,,,,,false,,,,,,,,,,,99673270,https://www.canadabtcminers.ca/asic-miner-store/Antminer-S19-XP-Hydro-293TH-p769891696
product,633746376,00015,Antminer S21 (200Th) USED,2300.00,,false,0,,1,,,true,https://d2j6dbq0eux0bg.cloudfront.net/images/99673270/4154432090.jpg,,,,,,,,,,,,"<p>Model <strong>Antminer S21 (200Th) </strong>from <strong>Bitmain </strong>mining <strong>SHA-256 algorithm </strong>with a maximum hashrate of <strong>200Th/s </strong>for a power consumption of <strong>3550W.</strong></p><p><strong></strong></p><table class=""table table-striped ecwid-description-table""><tbody><tr><th>Manufacturer</th><td>Bitmain</td></tr><tr><th>Model</th><td>Antminer S21 (200Th)</td></tr><tr><th>Also known as</th><td>Antminer S21 200T</td></tr><tr><th>Release</th><td>February 2024</td></tr><tr><th>Size</th><td>400 x 195 x 290mm</td></tr><tr><th>Noise level</th><td>75db</td></tr><tr><th>Fan(s)</th><td>2</td></tr><tr><th>Power</th><td>3550W</td></tr><tr><th>Voltage</th><td>12</td></tr><tr><th>Interface</th><td>Ethernet</td></tr><tr><th>Temperature</th><td>5 - 40 °C</td></tr><tr><th>Humidity</th><td>5 - 95 %</td></tr></tbody></table><p><br></p>",,true,12,Antminer,,,false,,,,,false,FLAT_RATE,99.99,0.00,,,default,false,Antminer S21 (200Th) USED,Model Antminer S21 (200Th) from Bitmain mining SHA-256 algorithm with a maximum hashrate of 200Th/s for a power consumption of 3550W. Manufacturer Bitmain Model Antminer S21 (200Th) Also known as Antminer S21 200T Release February 2024 Size 400 x 195 x 290mm Noise level 75db Fan(s) 2 Power 3550W…,"799714450,799714456","00082,00086",false,,5,,,,,,,,,false,,,,,,,,,,,99673270,https://www.canadabtcminers.ca/asic-miner-store/Antminer-S21-200Th-USED-p633746376
product,769891202,00069,Antminer S21+ 225T,3895.00,,false,0,,1,,,true,https://d2j6dbq0eux0bg.cloudfront.net/images/99673270/5070540470.png,,,,,,,,,,,,"<p><strong><span style=""font-size: 28px;""></span></strong><strong><span style=""font-size: 28px;"">Description</span></strong></p><div><h2><hr></h2></div><div><span class=""font-semibold text-dark/70 dark:text-white/70 "">Bitmain Antminer S21+ (225Th)</span> is an ASIC miner designed for <span class=""font-semibold text-dark/70 dark:text-white/70"">SHA-256 algorithm</span>, specifically targeting <span class=""font-semibold text-dark/70 dark:text-white/70"">BTC (Bitcoin)</span> . It delivers a maximum hashrate of <span class=""font-semibold text-dark/70 dark:text-white/70"">225Th/s</span> while consuming <span class=""font-semibold text-dark/70 dark:text-white/70"">3712W of power, resulting in an energy efficiency of <span class=""font-semibold text-dark/70 dark:text-white/70"">16.498j/Th</span>.<div><h2>Specifications<hr></h2></div><table class=""w-full ecwid-description-table""><tbody><tr><td>Manufacturer</td><td>Bitmain</td></tr><tr><td>Model</td><td>Antminer S21+ (225Th)</td></tr><tr><td>Release</td><td>Jun 2025</td></tr><tr><td>Size</td><td>400 x 195 x 290mm</td></tr><tr><td>Noise level</td><td>75dB</td></tr><tr><td>Fan(s)</td><td>2</td></tr><tr><td>Power</td><td>3712W</td></tr><tr><td>Interface</td><td>Ethernet</td></tr><tr><td>Temperature</td><td>10 - 40 °C</td></tr><tr><td>Humidity</td><td>5 - 95 %<br><br></td></tr></tbody></table></span></div>",,true,30,,,,false,,,,,false,FLAT_RATE,119.99,0.00,,,default,false,Antminer S21+ 225T,"Description Bitmain Antminer S21+ (225Th) is an ASIC miner designed for SHA-256 algorithm , specifically targeting BTC (Bitcoin) . It delivers a maximum hashrate of 225Th/s while consuming 3712W of power, resulting in an energy efficiency of 16.498j/Th . Specifications Manufacturer Bitmain Model…","799714450,799714456","00082,00086",false,,5,,,,,,,,,false,,,,,,,,,,,99673270,https://www.canadabtcminers.ca/asic-miner-store/Antminer-S21-225T-p769891202
product,769891205,00070,Antminer S21+ 235TH,3900.00,,false,0,,1,,,true,https://d2j6dbq0eux0bg.cloudfront.net/images/99673270/5070515444.png,,,,,,,,,,,,"<p><strong><span style=""font-size: 28px;""></span></strong><strong><span style=""font-size: 28px;"">Description</span></strong></p><div><h2><hr></h2></div><div><span class=""font-semibold text-dark/70 dark:text-white/70 "">Bitmain Antminer S21+ (235Th)</span> is an ASIC miner designed for <span class=""font-semibold text-dark/70 dark:text-white/70"">SHA-256 algorithm</span>, specifically targeting <span class=""font-semibold text-dark/70 dark:text-white/70"">BTC (Bitcoin)</span> . It delivers a maximum hashrate of <span class=""font-semibold text-dark/70 dark:text-white/70"">235Th/s</span> while consuming <span class=""font-semibold text-dark/70 dark:text-white/70"">3877W of power, resulting in an energy efficiency of <span class=""font-semibold text-dark/70 dark:text-white/70"">16.498j/Th</span>.<br><br><div><h2>Specifications<hr></h2></div><table class=""w-full ecwid-description-table""><tbody><tr><td>Manufacturer</td><td>Bitmain</td></tr><tr><td>Model</td><td>Antminer S21+ (235Th)</td></tr><tr><td>Release</td><td>Jun 2025</td></tr><tr><td>Size</td><td>400 x 195 x 290mm</td></tr><tr><td>Noise level</td><td>75dB</td></tr><tr><td>Fan(s)</td><td>2</td></tr><tr><td>Power</td><td>3877W</td></tr><tr><td>Interface</td><td>Ethernet</td></tr><tr><td>Temperature</td><td>10 - 40 °C</td></tr><tr><td>Humidity</td><td>10 - 90 %<br><br></td></tr></tbody></table><br></span></div>",,true,31,,,,false,,,,,false,FLAT_RATE,119.99,0.00,,,default,false,Antminer S21+ 235TH,"Description Bitmain Antminer S21+ (235Th) is an ASIC miner designed for SHA-256 algorithm , specifically targeting BTC (Bitcoin) . It delivers a maximum hashrate of 235Th/s while consuming 3877W of power, resulting in an energy efficiency of 16.498j/Th . Specifications Manufacturer Bitmain Model…","799714450,799714456","00082,00086",false,,5,,,,,,,,,false,,,,,,,,,,,99673270,https://www.canadabtcminers.ca/asic-miner-store/Antminer-S21-235TH-p769891205
product,673979256,00058,Antminer S21+ HYD 358TH BRAND NEW,4299.00,,false,0,,1,,,true,https://d2j6dbq0eux0bg.cloudfront.net/images/99673270/products/673979256/4397219408,,,,,,,,,,,,<p>Model: Antminer S21 Hyd (358Th)</p><p>Size: 410 x 170 x 209mm</p><p>Noise Level: 50db</p><p>Cooling: Hydrocooling</p><p>Power Consumption: 5360W</p><p>Interface: Ethernet</p><p>Operating Temperature: 5 – 45°C</p><p>Humidity Range: 5 – 95%</p><p>Requires 3-phase 380v power input</p><p>Requires Standalone Cooling Kit Solution if not operating with the HK3 Antspace container. They can be found here.</p>,,true,20,,,,false,,,,,false,GLOBAL_METHODS,0.00,0.00,,,default,false,Antminer S21+ HYD 358TH BRAND NEW,Model: Antminer S21 Hyd (358Th) Size: 410 x 170 x 209mm Noise Level: 50db Cooling: Hydrocooling Power Consumption: 5360W Interface: Ethernet Operating Temperature: 5 – 45°C Humidity Range: 5 – 95% Requires 3-phase 380v power input Requires Standalone Cooling Kit Solution if not operating with the…,,,false,,5,,,,,,,,,false,,,,,,,,,,,99673270,https://www.canadabtcminers.ca/asic-miner-store/Antminer-S21-HYD-358TH-BRAND-NEW-p673979256
product,673941204,00057,Antminer S21 Pro (234Th) USED,4999.99,,false,0,,1,,,true,https://d2j6dbq0eux0bg.cloudfront.net/images/99673270/4397198492,,,,,,,,,,,,"<p>Model <span class=""font-semibold text-dark/70 dark:text-white/70 "">Antminer S21 Pro (234Th)</span> from <span class=""font-semibold text-dark/70 dark:text-white/70"">Bitmain</span> mining <span class=""font-semibold text-dark/70 dark:text-white/70"">SHA-256 algorithm</span> with a maximum hashrate of <span class=""font-semibold text-dark/70 dark:text-white/70"">234Th/s</span> for a power consumption of <span class=""font-semibold text-dark/70 dark:text-white/70"">3531W</span>.</p><div><h2>Specifications<hr></h2></div><table class=""w-full ecwid-description-table""><tbody><tr><td>Manufacturer</td><td>Bitmain</td></tr><tr><td>Model</td><td>Antminer S21 Pro (234Th)</td></tr><tr><td>Also known as</td><td>Antminer S21 Pro</td></tr><tr><td>Release</td><td>Jun 2024</td></tr><tr><td>Size</td><td>400 x 195 x 290mm</td></tr><tr><td>Noise level</td><td>75db</td></tr><tr><td>Fan(s)</td><td>2</td></tr><tr><td>Power</td><td>3531W</td></tr><tr><td>Interface</td><td>Ethernet</td></tr><tr><td>Temperature</td><td>5 - 45 °C</td></tr><tr><td>Humidity</td><td>5 - 95 %</td></tr></tbody></table>",,true,19,,,,false,,,,,false,FLAT_RATE,119.99,0.00,,,default,false,Antminer S21 Pro (234Th) USED,Model Antminer S21 Pro (234Th) from Bitmain mining SHA-256 algorithm with a maximum hashrate of 234Th/s for a power consumption of 3531W . Specifications Manufacturer Bitmain Model Antminer S21 Pro (234Th) Also known as Antminer S21 Pro Release Jun 2024 Size 400 x 195 x 290mm Noise level 75db Fan(s)…,"799714450,799714456","00082,00086",false,,5,,,,,,,,,false,,,,,,,,,,,99673270,https://www.canadabtcminers.ca/asic-miner-store/Antminer-S21-Pro-234Th-USED-p673941204
product,769891226,00073,Antminer S21 Pro 245TH,5100.00,,false,0,,1,,,true,https://d2j6dbq0eux0bg.cloudfront.net/images/99673270/5070592662.webp,,,,,,,,,,,,"<p>Description</p><div><h2><hr></h2></div><div><span class=""font-semibold text-dark/70 dark:text-white/70 "">Bitmain Antminer S21 Pro (245Th)</span> is an ASIC miner designed for <span class=""font-semibold text-dark/70 dark:text-white/70"">SHA-256 algorithm</span>, specifically targeting <span class=""font-semibold text-dark/70 dark:text-white/70"">BTC (Bitcoin)</span> . It delivers a maximum hashrate of <span class=""font-semibold text-dark/70 dark:text-white/70"">245Th/s</span> while consuming <span class=""font-semibold text-dark/70 dark:text-white/70"">3510W of power, resulting in an energy efficiency of <span class=""font-semibold text-dark/70 dark:text-white/70"">15j/Th</span>.<div><h2>Specifications<hr></h2></div><table class=""w-full ecwid-description-table""><tbody><tr><td>Manufacturer</td><td>Bitmain</td></tr><tr><td>Model</td><td>Antminer S21 Pro (245Th)</td></tr><tr><td>Also known as</td><td>Antminer S21 Pro</td></tr><tr><td>Release</td><td>Jun 2024</td></tr><tr><td>Size</td><td>400 x 195 x 290mm</td></tr><tr><td>Noise level</td><td>75dB</td></tr><tr><td>Fan(s)</td><td>2</td></tr><tr><td>Power</td><td>3510W</td></tr><tr><td>Interface</td><td>Ethernet</td></tr><tr><td>Temperature</td><td>5 - 45 °C</td></tr><tr><td>Humidity</td><td>5 - 95 %<br><br></td></tr></tbody></table></span></div>",,true,34,,,,false,,,,,false,FLAT_RATE,129.99,0.00,,,default,false,Antminer S21 Pro 245TH,"Description Bitmain Antminer S21 Pro (245Th) is an ASIC miner designed for SHA-256 algorithm , specifically targeting BTC (Bitcoin) . It delivers a maximum hashrate of 245Th/s while consuming 3510W of power, resulting in an energy efficiency of 15j/Th . Specifications Manufacturer Bitmain Model…","799714450,799714456","00082,00086",false,,5,,,,,,,,,false,,,,,,,,,,,99673270,https://www.canadabtcminers.ca/asic-miner-store/Antminer-S21-Pro-245TH-p769891226
product,769976556,00064,Antminer S21 XP 270TH BRAND NEW,5320.00,,false,0,,1,,,true,https://d2j6dbq0eux0bg.cloudfront.net/images/99673270/products/769976556/5070542012.png,,,,,,,,,,,,"<p><span class=""font-semibold text-dark/70 dark:text-white/70 "">Bitmain Antminer S21 XP (270Th)</span> is an ASIC miner designed for <span class=""font-semibold text-dark/70 dark:text-white/70"">SHA-256 algorithm</span>, specifically targeting <span class=""font-semibold text-dark/70 dark:text-white/70"">BTC (Bitcoin)</span> . It delivers a maximum hashrate of <span class=""font-semibold text-dark/70 dark:text-white/70"">270Th/s</span> while consuming <span class=""font-semibold text-dark/70 dark:text-white/70"">3645W of power, resulting in an energy efficiency of <span class=""font-semibold text-dark/70 dark:text-white/70"">13.5j/Th</span>.<br><br></span></p><div><h2>Specifications<hr></h2></div><table class=""w-full ecwid-description-table""><tbody><tr><td>Manufacturer</td><td>Bitmain</td></tr><tr><td>Model</td><td>Antminer S21 XP (270Th)</td></tr><tr><td>Release</td><td>Sep 2024</td></tr><tr><td>Size</td><td>400 x 195 x 290mm</td></tr><tr><td>Noise level</td><td>75dB</td></tr><tr><td>Cooling</td><td>Air</td></tr><tr><td>Fan(s)</td><td>4</td></tr><tr><td>Power</td><td>3645W</td></tr><tr><td>Interface</td><td>Ethernet 10/100M</td></tr><tr><td>Temperature</td><td>5 - 45 °C</td></tr><tr><td>Humidity</td><td>5 - 95 %</td></tr></tbody></table>",,true,25,,,,false,,,,,false,FLAT_RATE,99.99,0.00,,,default,false,Antminer S21 XP 270TH BRAND NEW,"Bitmain Antminer S21 XP (270Th) is an ASIC miner designed for SHA-256 algorithm , specifically targeting BTC (Bitcoin) . It delivers a maximum hashrate of 270Th/s while consuming 3645W of power, resulting in an energy efficiency of 13.5j/Th . Specifications Manufacturer Bitmain Model Antminer S21 XP…","799714450,799714456","00082,00086",false,,5,,,,,,,,,false,,,,,,,,,,,99673270,https://www.canadabtcminers.ca/asic-miner-store/Antminer-S21-XP-270TH-BRAND-NEW-p769976556
product,673948921,00056,Antminer T21 (190Th) USED,1999.99,,false,0,,1,,,true,https://d2j6dbq0eux0bg.cloudfront.net/images/99673270/products/673948921/4397203522,,,,,,,,,,,,"<p><strong><span style=""font-size: 28px;""></span></strong><strong><span style=""font-size: 28px;"">Description</span></strong></p><div><h2><hr></h2></div><div><span class=""font-semibold text-dark/70 dark:text-white/70 "">Bitmain Antminer T21 (190Th)</span> is an ASIC miner designed for <span class=""font-semibold text-dark/70 dark:text-white/70"">SHA-256 algorithm</span>, specifically targeting <span class=""font-semibold text-dark/70 dark:text-white/70"">BTC (Bitcoin)</span> . It delivers a maximum hashrate of <span class=""font-semibold text-dark/70 dark:text-white/70"">190Th/s</span> while consuming <span class=""font-semibold text-dark/70 dark:text-white/70"">3610W of power, resulting in an energy efficiency of <span class=""font-semibold text-dark/70 dark:text-white/70"">19j/Th</span>.<div><h2>Specifications<hr></h2></div><table class=""w-full ecwid-description-table""><tbody><tr><td>Manufacturer</td><td>Bitmain</td></tr><tr><td>Model</td><td>Antminer T21 (190Th)</td></tr><tr><td>Also known as</td><td>Bitcoin Miner T21</td></tr><tr><td>Release</td><td>Jan 2024</td></tr><tr><td>Size</td><td>400 x 195 x 290mm</td></tr><tr><td>Weight</td><td>16.40kg</td></tr><tr><td>Noise level</td><td>75dB</td></tr><tr><td>Fan(s)</td><td>2</td></tr><tr><td>Power</td><td>3610W</td></tr><tr><td>Interface</td><td>Ethernet</td></tr><tr><td>Temperature</td><td>5 - 45 °C</td></tr><tr><td>Humidity</td><td>10 - 90 %</td></tr></tbody></table></span></div>",,true,18,,,,false,,,,,false,FLAT_RATE,99.99,0.00,,,default,false,Antminer T21 (190Th) USED,"Description Bitmain Antminer T21 (190Th) is an ASIC miner designed for SHA-256 algorithm , specifically targeting BTC (Bitcoin) . It delivers a maximum hashrate of 190Th/s while consuming 3610W of power, resulting in an energy efficiency of 19j/Th . Specifications Manufacturer Bitmain Model Antminer…","799714450,799714456","00082,00086",false,,5,,,,,,,,,false,,,,,,,,,,,99673270,https://www.canadabtcminers.ca/asic-miner-store/Antminer-T21-190Th-USED-p673948921
product,799714422,00080,APW12 1215 PSU a/b/c/d/e/f/g,260.00,,false,0,,1,,,true,https://d2j6dbq0eux0bg.cloudfront.net/images/99673270/5423077998.png,,,,,,,,,,,,<p><strong>APW121215</strong> a/b/c/d/e/f/g <strong>Power Supply</strong></p><p><strong>Please choose the same version as your original psu.</strong></p>,ASIC Miner Replacement Parts,false,,,,,false,,,,,false,FREE_SHIPPING,0.00,0.00,,,default,false,APW12 1215 PSU a/b/c/d/e/f/g,APW121215 a/b/c/d/e/f/g Power Supply Please choose the same version as your original psu.,,,false,,5,,,,,,,,,false,,,,,,,,,,,99673270,https://www.canadabtcminers.ca/asic-miner-store/APW12-1215-PSU-a-b-c-d-e-f-g-p799714422
product,799721596,00077,APW12 1417 PSU a/b,250.00,,false,0,,1,,,true,https://d2j6dbq0eux0bg.cloudfront.net/images/99673270/5423077235.png,,,,,,,,,,,,"<p>APW121417a For Antminer L7, S19(Metal Core PCB/240-Ca)</p><p>APW121417b For Antminer S19(Metal Core PCB)/KA3/L7/K7/DR7/HS3</p>",ASIC Miner Replacement Parts,false,,,,,false,,,,,false,FREE_SHIPPING,0.00,0.00,,,default,false,APW12 1417 PSU a/b,"APW121417a For Antminer L7, S19(Metal Core PCB/240-Ca) APW121417b For Antminer S19(Metal Core PCB)/KA3/L7/K7/DR7/HS3",,,false,,5,,,,,,,,,false,,,,,,,,,,,99673270,https://www.canadabtcminers.ca/asic-miner-store/APW12-1417-PSU-a-b-p799721596
product,799714421,00079,APW17 1215c For S21Pro/S21XP/S21+,399.99,,false,0,,1,,,true,https://d2j6dbq0eux0bg.cloudfront.net/images/99673270/5423119811.png,,,,,,,,,,,,<p>APW171215c For Antminer S21 Pro/S21 XP/S21+ Air-cooling Miner</p><p>PW380X1215GA</p>,ASIC Miner Replacement Parts,false,,,,,false,,,,,false,FREE_SHIPPING,0.00,0.00,,,default,false,APW17 1215c For S21Pro/S21XP/S21+,APW171215c For Antminer S21 Pro/S21 XP/S21+ Air-cooling Miner PW380X1215GA,,,false,,5,,,,,,,,,false,,,,,,,,,,,99673270,https://www.canadabtcminers.ca/asic-miner-store/APW17-1215c-For-S21Pro-S21XP-S21-p799714421
product,799701729,00078,APW17 APW12 Universal Overclocking PSU,350.00,,false,0,,1,,,true,https://d2j6dbq0eux0bg.cloudfront.net/images/99673270/5423101291.png,,,,,,,,,,,,"<p>This product matches the built-in data packet through 1:1 signal.</p><div><div>Equipped with a rotary encoder, various versions can be directly switched as needed.<br>Supported models: Antminer S21, S21pro, S21xp, L9, KA5, AL1, S19 series, etc.<br>Built-in firmware types:<br>APW17 1215A<br>APW12 1215A/B/C/D/E/F/G<br></div><div><br></div></div><div></div><section><div></div></section>",ASIC Miner Replacement Parts,false,,,,,false,,,,,false,FREE_SHIPPING,0.00,0.00,,,default,false,APW17 APW12 Universal Overclocking PSU,"This product matches the built-in data packet through 1:1 signal. Equipped with a rotary encoder, various versions can be directly switched as needed. Supported models: Antminer S21, S21pro, S21xp, L9, KA5, AL1, S19 series, etc. Built-in firmware types: APW17 1215A APW12 1215A/B/C/D/E/F/G",,,false,,5,,,,,,,,,false,,,,,,,,,,,99673270,https://www.canadabtcminers.ca/asic-miner-store/APW17-APW12-Universal-Overclocking-PSU-p799701729
product,799714450,00082,APW17 Power Cord P13 For S21/S19jXP/KS5/KS5pro/S21Pro/S21XP/L9,34.99,,false,0,,1,,,true,https://d2j6dbq0eux0bg.cloudfront.net/images/99673270/5423144462.png,,,,,,,,,,,,<p>APW17 C20 To P13power cable</p><p>Antminer S21 S19jXP KS5 KS5pro S21Pro S21XP L9 high quality power cable</p><p>Connector types: C20 to P13</p><p>Length: 150cm</p>,ASIC Miner Replacement Parts,false,,,,,false,,,,,false,GLOBAL_METHODS,0.00,0.00,,,default,false,APW17 Power Cord P13 For S21/S19jXP/KS5/KS5pro/S21Pro/S21XP/L9,APW17 C20 To P13power cable Antminer S21 S19jXP KS5 KS5pro S21Pro S21XP L9 high quality power cable Connector types: C20 to P13 Length: 150cm,,,false,,5,,,,,,,,,false,,,,,,,,,,,99673270,https://www.canadabtcminers.ca/asic-miner-store/APW17-Power-Cord-P13-For-S21-S19jXP-KS5-KS5pro-S21Pro-S21XP-L9-p799714450
product,769987292,00074,Bitmain Antminer KS7 40TH BRAND NEW,2999.99,,false,0,,1,,,true,https://d2j6dbq0eux0bg.cloudfront.net/images/99673270/5070590657.webp,,,,,,,,,,,,"<p><strong><span style=""font-size: 28px;""></span></strong><strong><span style=""font-size: 28px;"">Description</span></strong></p><div><h2><hr></h2></div><div><span class=""font-semibold text-dark/70 dark:text-white/70 ""></span><span class=""font-semibold text-dark/70 dark:text-white/70 "">Bitmain Antminer KS7 (40Th)</span> is an ASIC miner designed for <span class=""font-semibold text-dark/70 dark:text-white/70"">KHeavyHash algorithm</span>, specifically targeting <span class=""font-semibold text-dark/70 dark:text-white/70"">KAS (Kaspa)</span> . It delivers a maximum hashrate of <span class=""font-semibold text-dark/70 dark:text-white/70"">40Th/s</span> while consuming <span class=""font-semibold text-dark/70 dark:text-white/70"">3080W of power, resulting in an energy efficiency of <span class=""font-semibold text-dark/70 dark:text-white/70"">0.077j/Gh</span>.</span><span class=""font-semibold text-dark/70 dark:text-white/70""><div class=""mb-4"" style=""box-sizing: border-box; border: 0px solid rgb(229, 231, 235); --tw-border-spacing-x: 0; --tw-border-spacing-y: 0; --tw-translate-x: 0; --tw-translate-y: 0; --tw-rotate: 0; --tw-skew-x: 0; --tw-skew-y: 0; --tw-scale-x: 1; --tw-scale-y: 1; --tw-pan-x: ; --tw-pan-y: ; --tw-pinch-zoom: ; --tw-scroll-snap-strictness: proximity; --tw-gradient-from-position: ; --tw-gradient-via-position: ; --tw-gradient-to-position: ; --tw-ordinal: ; --tw-slashed-zero: ; --tw-numeric-figure: ; --tw-numeric-spacing: ; --tw-numeric-fraction: ; --tw-ring-inset: ; --tw-ring-offset-width: 0px; --tw-ring-offset-color: #fff; --tw-ring-color: rgba(59,130,246,.5); --tw-ring-offset-shadow: 0 0 #0000; --tw-ring-shadow: 0 0 #0000; --tw-shadow: 0 0 #0000; --tw-shadow-colored: 0 0 #0000; --tw-blur: ; --tw-brightness: ; --tw-contrast: ; --tw-grayscale: ; --tw-hue-rotate: ; --tw-invert: ; --tw-saturate: ; --tw-sepia: ; --tw-drop-shadow: ; --tw-backdrop-blur: ; --tw-backdrop-brightness: ; --tw-backdrop-contrast: ; --tw-backdrop-grayscale: ; --tw-backdrop-hue-rotate: ; --tw-backdrop-invert: ; --tw-backdrop-opacity: ; --tw-backdrop-saturate: ; --tw-backdrop-sepia: ; --tw-contain-size: ; --tw-contain-layout: ; --tw-contain-paint: ; --tw-contain-style: ; margin-bottom: 1rem; color: rgb(100, 116, 139); font-family: __satoshi_30e86c, __satoshi_Fallback_30e86c, sans-serif; font-size: 16px; letter-spacing: -0.16px; background-color: rgb(23, 30, 48);"" rel=""box-sizing: border-box; border: 0px solid rgb(229, 231, 235); --tw-border-spacing-x: 0; --tw-border-spacing-y: 0; --tw-translate-x: 0; --tw-translate-y: 0; --tw-rotate: 0; --tw-skew-x: 0; --tw-skew-y: 0; --tw-scale-x: 1; --tw-scale-y: 1; --tw-pan-x: ; --tw-pan-y: ; --tw-pinch-zoom: ; --tw-scroll-snap-strictness: proximity; --tw-gradient-from-position: ; --tw-gradient-via-position: ; --tw-gradient-to-position: ; --tw-ordinal: ; --tw-slashed-zero: ; --tw-numeric-figure: ; --tw-numeric-spacing: ; --tw-numeric-fraction: ; --tw-ring-inset: ; --tw-ring-offset-width: 0px; --tw-ring-offset-color: #fff; --tw-ring-color: rgba(59,130,246,.5); --tw-ring-offset-shadow: 0 0 #0000; --tw-ring-shadow: 0 0 #0000; --tw-shadow: 0 0 #0000; --tw-shadow-colored: 0 0 #0000; --tw-blur: ; --tw-brightness: ; --tw-contrast: ; --tw-grayscale: ; --tw-hue-rotate: ; --tw-invert: ; --tw-saturate: ; --tw-sepia: ; --tw-drop-shadow: ; --tw-backdrop-blur: ; --tw-backdrop-brightness: ; --tw-backdrop-contrast: ; --tw-backdrop-grayscale: ; --tw-backdrop-hue-rotate: ; --tw-backdrop-invert: ; --tw-backdrop-opacity: ; --tw-backdrop-saturate: ; --tw-backdrop-sepia: ; --tw-contain-size: ; --tw-contain-layout: ; --tw-contain-paint: ; --tw-contain-style: ; margin-bottom: 1rem; color: rgb(100, 116, 139); font-family: __satoshi_30e86c, __satoshi_Fallback_30e86c, sans-serif; font-size: 16px; letter-spacing: -0.16px; background-color: rgb(23, 30, 48);""><h2 class=""font-satoshi text-xl text-black  dark:text-white md:text-xl lg:mb-2 lg:text-heading-5 xl:text-heading-5 "" style=""box-sizing: border-box; border: 0px solid rgb(229, 231, 235); --tw-border-spacing-x: 0; --tw-border-spacing-y: 0; --tw-translate-x: 0; --tw-translate-y: 0; --tw-rotate: 0; --tw-skew-x: 0; --tw-skew-y: 0; --tw-scale-x: 1; --tw-scale-y: 1; --tw-pan-x: ; --tw-pan-y: ; --tw-pinch-zoom: ; --tw-scroll-snap-strictness: proximity; --tw-gradient-from-position: ; --tw-gradient-via-position: ; --tw-gradient-to-position: ; --tw-ordinal: ; --tw-slashed-zero: ; --tw-numeric-figure: ; --tw-numeric-spacing: ; --tw-numeric-fraction: ; --tw-ring-inset: ; --tw-ring-offset-width: 0px; --tw-ring-offset-color: #fff; --tw-ring-color: rgba(59,130,246,.5); --tw-ring-offset-shadow: 0 0 #0000; --tw-ring-shadow: 0 0 #0000; --tw-shadow: 0 0 #0000; --tw-shadow-colored: 0 0 #0000; --tw-blur: ; --tw-brightness: ; --tw-contrast: ; --tw-grayscale: ; --tw-hue-rotate: ; --tw-invert: ; --tw-saturate: ; --tw-sepia: ; --tw-drop-shadow: ; --tw-backdrop-blur: ; --tw-backdrop-brightness: ; --tw-backdrop-contrast: ; --tw-backdrop-grayscale: ; --tw-backdrop-hue-rotate: ; --tw-backdrop-invert: ; --tw-backdrop-opacity: ; --tw-backdrop-saturate: ; --tw-backdrop-sepia: ; --tw-contain-size: ; --tw-contain-layout: ; --tw-contain-paint: ; --tw-contain-style: ; font-size: 28px; font-weight: inherit; margin-bottom: 0.5rem; font-family: __satoshi_30e86c, __satoshi_Fallback_30e86c, sans-serif; line-height: 40px; --tw-text-opacity: 1; color: rgb(255, 255, 255);""><hr class=""ml-4 w-12 border-gray-200 opacity-50 dark:border-gray-700 "" style=""box-sizing: border-box; border-right: 0px solid rgb(55, 65, 81); border-bottom: 0px solid rgb(55, 65, 81); border-left: 0px solid rgb(55, 65, 81); border-top-style: solid; border-top-color: rgb(55, 65, 81); border-image: initial; --tw-border-spacing-x: 0; --tw-border-spacing-y: 0; --tw-translate-x: 0; --tw-translate-y: 0; --tw-rotate: 0; --tw-skew-x: 0; --tw-skew-y: 0; --tw-scale-x: 1; --tw-scale-y: 1; --tw-pan-x: ; --tw-pan-y: ; --tw-pinch-zoom: ; --tw-scroll-snap-strictness: proximity; --tw-gradient-from-position: ; --tw-gradient-via-position: ; --tw-gradient-to-position: ; --tw-ordinal: ; --tw-slashed-zero: ; --tw-numeric-figure: ; --tw-numeric-spacing: ; --tw-numeric-fraction: ; --tw-ring-inset: ; --tw-ring-offset-width: 0px; --tw-ring-offset-color: #fff; --tw-ring-color: rgba(59,130,246,.5); --tw-ring-offset-shadow: 0 0 #0000; --tw-ring-shadow: 0 0 #0000; --tw-shadow: 0 0 #0000; --tw-shadow-colored: 0 0 #0000; --tw-blur: ; --tw-brightness: ; --tw-contrast: ; --tw-grayscale: ; --tw-hue-rotate: ; --tw-invert: ; --tw-saturate: ; --tw-sepia: ; --tw-drop-shadow: ; --tw-backdrop-blur: ; --tw-backdrop-brightness: ; --tw-backdrop-contrast: ; --tw-backdrop-grayscale: ; --tw-backdrop-hue-rotate: ; --tw-backdrop-invert: ; --tw-backdrop-opacity: ; --tw-backdrop-saturate: ; --tw-backdrop-sepia: ; --tw-contain-size: ; --tw-contain-layout: ; --tw-contain-paint: ; --tw-contain-style: ; height: 0px; color: inherit; margin: 0px 0px 0px 1rem; width: 3rem; --tw-border-opacity: 1; opacity: 0.5;""></h2></div><div><h2>Specifications<hr></h2></div><table class=""w-full ecwid-description-table""><tbody><tr><td>Manufacturer</td><td>Bitmain</td></tr><tr><td>Model</td><td>Antminer KS7 (40Th)</td></tr><tr><td>Also known as</td><td>Bitmain Antminer KAS Miner KS7</td></tr><tr><td>Release</td><td>May 2025</td></tr><tr><td>Size</td><td>430 x 196 x 290mm</td></tr><tr><td>Weight</td><td>16.40kg</td></tr><tr><td>Noise level</td><td>75dB</td></tr><tr><td>Fan(s)</td><td>4</td></tr><tr><td>Power</td><td>3080W</td></tr><tr><td>Voltage</td><td>220-277V</td></tr><tr><td>Interface</td><td>Ethernet</td></tr><tr><td>Temperature</td><td>5 - 45 °C</td></tr><tr><td>Humidity</td><td>10 - 90 %<br><br></td></tr></tbody></table></span></div>",,true,35,,,,false,,,,,false,FLAT_RATE,119.99,0.00,,,default,false,Bitmain Antminer KS7 40TH BRAND NEW,"Description Bitmain Antminer KS7 (40Th) is an ASIC miner designed for KHeavyHash algorithm , specifically targeting KAS (Kaspa) . It delivers a maximum hashrate of 40Th/s while consuming 3080W of power, resulting in an energy efficiency of 0.077j/Gh . Specifications Manufacturer Bitmain Model…","799714450,799714456","00082,00086",false,,5,,,,,,,,,false,,,,,,,,,,,99673270,https://www.canadabtcminers.ca/asic-miner-store/Bitmain-Antminer-KS7-40TH-BRAND-NEW-p769987292
product_option,769987292,00074,,,,,,,,,,,,,,,,,,,,,,,,,,,,,,,,,,,,,,,,,,,,,,,,,,,,,,,,,,,,Model,DROPDOWNLIST,true,KS7  36T,0.00,false,,,,99673270,
product_option,769987292,00074,,,,,,,,,,,,,,,,,,,,,,,,,,,,,,,,,,,,,,,,,,,,,,,,,,,,,,,,,,,,Model,DROPDOWNLIST,true,KS7  40T,225.00,false,,,,99673270,
product_option,769987292,00074,,,,,,,,,,,,,,,,,,,,,,,,,,,,,,,,,,,,,,,,,,,,,,,,,,,,,,,,,,,,Model,DROPDOWNLIST,true,KS7  45T,525.00,false,,,,99673270,
product,714997514,00063,Bitmain Antminer L9 BRAND NEW,4960.00,,false,0,,1,,,true,https://d2j6dbq0eux0bg.cloudfront.net/images/99673270/products/714997514/4683592445.jpg,,,,,,,,,,,,"<p><strong><span style=""font-size: 28px;""></span></strong><strong><span style=""font-size: 28px;"">Description</span></strong></p><div><h2><hr></h2></div><div><span class=""font-semibold text-dark/70 dark:text-white/70 "">Bitmain Antminer L9 (17Gh)</span> is an ASIC miner designed for <span class=""font-semibold text-dark/70 dark:text-white/70"">Scrypt algorithm</span>, specifically targeting <span class=""font-semibold text-dark/70 dark:text-white/70"">DOGE (Dogecoin)</span> and <span class=""font-semibold text-dark/70 dark:text-white/70"">LTC (Litecoin)</span>. It delivers a maximum hashrate of <span class=""font-semibold text-dark/70 dark:text-white/70"">17Gh/s</span> while consuming <span class=""font-semibold text-dark/70 dark:text-white/70"">3570W of power, resulting in an energy efficiency of <span class=""font-semibold text-dark/70 dark:text-white/70"">0.21j/Mh</span>.<div><h2>Specifications<hr></h2></div><table class=""w-full ecwid-description-table""><tbody><tr><td>Manufacturer</td><td>Bitmain</td></tr><tr><td>Model</td><td>Antminer L9 (17Gh)</td></tr><tr><td>Release</td><td>May 2024</td></tr><tr><td>Size</td><td>195 x 290 x 379mm</td></tr><tr><td>Weight</td><td>13.50kg</td></tr><tr><td>Noise level</td><td>75dB</td></tr><tr><td>Fan(s)</td><td>2</td></tr><tr><td>Power</td><td>3570W</td></tr><tr><td>Interface</td><td>Ethernet</td></tr><tr><td>Temperature</td><td>5 - 45 °C</td></tr><tr><td>Humidity</td><td>5 - 95 %</td></tr></tbody></table></span></div>",,true,24,Antminer,,,false,,,,,false,FLAT_RATE,99.99,0.00,,,default,false,Bitmain Antminer L9 BRAND NEW,"Description Bitmain Antminer L9 (17Gh) is an ASIC miner designed for Scrypt algorithm , specifically targeting DOGE (Dogecoin) and LTC (Litecoin) . It delivers a maximum hashrate of 17Gh/s while consuming 3570W of power, resulting in an energy efficiency of 0.21j/Mh . Specifications Manufacturer…","799714450,799714456","00082,00086",false,,5,,,,,,,,,false,,,,,,,,,,,99673270,https://www.canadabtcminers.ca/asic-miner-store/Bitmain-Antminer-L9-BRAND-NEW-p714997514
product_option,714997514,00063,,,,,,,,,,,,,,,,,,,,,,,,,,,,,,,,,,,,,,,,,,,,,,,,,,,,,,,,,,,,Model,SIZE,true,15G,0.00,false,,,,99673270,
product_option,714997514,00063,,,,,,,,,,,,,,,,,,,,,,,,,,,,,,,,,,,,,,,,,,,,,,,,,,,,,,,,,,,,Model,SIZE,true,16G,290.00,false,,,,99673270,
product_option,714997514,00063,,,,,,,,,,,,,,,,,,,,,,,,,,,,,,,,,,,,,,,,,,,,,,,,,,,,,,,,,,,,Model,SIZE,true,16.5G,440.00,false,,,,99673270,
product_option,714997514,00063,,,,,,,,,,,,,,,,,,,,,,,,,,,,,,,,,,,,,,,,,,,,,,,,,,,,,,,,,,,,Model,SIZE,true,17G,1150.00,false,,,,99673270,
product,769976557,00065,Bitmain Antminer S19e XP HYD 251TH,1915.00,,false,0,,1,,,true,https://d2j6dbq0eux0bg.cloudfront.net/images/99673270/5070540435.png,,,,,,,,,,,,"<p><strong>Antminer S19e XP Hydro i</strong>s manufactured by <strong>Bitmain </strong>which operates under the <strong>SHA-256<strong> algorithm</strong></strong> with a maximum hashrate of <strong>251Th/s</strong> and power consumption of <strong>5522</strong><strong>W.<br></strong></p><h4>Specifications</h4><table class=""table table-striped ecwid-description-table""><tbody><tr><th>Manufacturer</th><td>Bitmain</td></tr><tr><th>Model</th><td>Antminer S19e XP Hydro 251Th/s</td></tr><tr><th>Size w/o</th><td>410 X 170 X 209mm</td></tr><tr><th>Size with</th><td>570 X 316 X 430mm</td></tr><tr><th>Networking Connection Mode</th><td>RJ45 Ethernet 10/100M</td></tr><tr><th>Weight Net</th><td>12800g</td></tr><tr><th>Water Flow</th><td>8.0 -10.0</td></tr><tr><th>Liquid PH</th><td>8.5 -9.5</td></tr><tr><th>Water Pressure</th><td>≤3.5</td></tr><tr><th>Cooling</th><td>Hydrocooling</td></tr><tr><th>Power</th><td>5522W</td></tr><tr><th>Interface</th><td>Ethernet</td></tr><tr><th>Storage Temp.</th><td>-20-70</td></tr><tr><th>Temperature</th><td>20 – 50 °C</td></tr><tr><th>Humidity</th><td>10 – 90 %</td></tr></tbody></table><div><span class=""font-semibold text-dark/70 dark:text-white/70""></span></div>",,true,26,,,,false,,,,,false,FLAT_RATE,99.99,0.00,,,default,false,Bitmain Antminer S19e XP HYD 251TH,Antminer S19e XP Hydro i s manufactured by Bitmain which operates under the SHA-256 algorithm with a maximum hashrate of 251Th/s and power consumption of 5522 W. Specifications Manufacturer Bitmain Model Antminer S19e XP Hydro 251Th/s Size w/o 410 X 170 X 209mm Size with 570 X 316 X 430mm Networking…,,,false,,5,,,,,,,,,false,,,,,,,,,,,99673270,https://www.canadabtcminers.ca/asic-miner-store/Bitmain-Antminer-S19e-XP-HYD-251TH-p769976557
product,666882357,00038,Bitmain Antminer s19j s19j pro S19j Pro+ Amlogic A113D motherboard C76,129.99,,false,0,,1,,,true,https://d2j6dbq0eux0bg.cloudfront.net/images/99673270/4360540576,,,,,,,,,,,,"<p>Introducing the new Bitmain Amlogic C76 A113D control board, designed as a replacement for faulty control boards in the S19j series, including S19j, S19j Pro, and S19j Pro+. If you're experiencing issues with your S19j/S19j Pro Antminer, the control board might be the culprit. To prevent further mining disruptions, replacing a damaged board promptly is advisable. The Bitmain A113D control board is fully compatible with S19j and S19j Pro aluminum substrate miners. We offer brand new, original Bitmain antminer control boards to miners globally at competitive prices and superior quality. Each board undergoes rigorous testing before shipping to guarantee flawless functionality.</p><p><br></p><p><strong>Function:</strong> S19J, S19J PRO, S19XP, S19J PRO+, and S19J XP SHA256 air-cooling miner.<br></p>",ASIC Miner Replacement Parts,false,,,,,false,,,,,false,FLAT_RATE,13.99,0.00,,,default,false,Bitmain Antminer s19j s19j pro S19j Pro+ Amlogic A113D motherboard C76,"Introducing the new Bitmain Amlogic C76 A113D control board, designed as a replacement for faulty control boards in the S19j series, including S19j, S19j Pro, and S19j Pro+. If you're experiencing issues with your S19j/S19j Pro Antminer, the control board might be the culprit. To prevent further…",,,false,,5,,,,,,,,,false,,,,,,,,,,,99673270,https://www.canadabtcminers.ca/asic-miner-store/Bitmain-Antminer-s19j-s19j-pro-S19j-Pro-Amlogic-A113D-motherboard-C76-p666882357
product,799704490,00087,Bitmain Antminer S21+ 216TH,3650.00,,false,0,,1,,,true,https://d2j6dbq0eux0bg.cloudfront.net/images/99673270/5423531761.webp,,,,,,,,,,,,"<p><span style=""font-size: 18px;""><strong><span style=""font-size: 20px;"">Description</span></strong></span></p><div><h2><hr></h2></div><div><span class=""font-semibold text-dark/70 dark:text-white/70 "">Bitmain Antminer S21+ (216Th)</span> is an ASIC miner designed for <span class=""font-semibold text-dark/70 dark:text-white/70"">SHA-256 algorithm</span>, specifically targeting <span class=""font-semibold text-dark/70 dark:text-white/70"">BTC (Bitcoin)</span> . It delivers a maximum hashrate of <span class=""font-semibold text-dark/70 dark:text-white/70"">216Th/s</span> while consuming <span class=""font-semibold text-dark/70 dark:text-white/70"">3564W of power, resulting in an energy efficiency of <span class=""font-semibold text-dark/70 dark:text-white/70"">16.5j/Th</span>.<br><div><h2><br><span style=""font-size: 20px;"">Specifications</span><hr></h2></div><table class=""w-full ecwid-description-table""><tbody><tr><td>Manufacturer</td><td>Bitmain</td></tr><tr><td>Model</td><td>Antminer S21+ (216Th)</td></tr><tr><td>Release</td><td>Feb 2025</td></tr><tr><td>Size</td><td>400 x 195 x 290mm</td></tr><tr><td>Noise level</td><td>75dB</td></tr><tr><td>Fan(s)</td><td>2</td></tr><tr><td>Power</td><td>3564W</td></tr><tr><td>Interface</td><td>Ethernet</td></tr><tr><td>Temperature</td><td>10 - 40 °C</td></tr><tr><td>Humidity</td><td>10 - 90 %<br><br></td></tr></tbody></table><br><br></span></div>",,true,36,,,0.0,true,,,,,false,GLOBAL_METHODS,0.00,0.00,,,default,false,Bitmain Antminer S21+ 216TH,"Description Bitmain Antminer S21+ (216Th) is an ASIC miner designed for SHA-256 algorithm , specifically targeting BTC (Bitcoin) . It delivers a maximum hashrate of 216Th/s while consuming 3564W of power, resulting in an energy efficiency of 16.5j/Th . Specifications Manufacturer Bitmain Model…","799714456,799714450","00086,00082",false,,5,,,,,,,,,false,,,,,,,,,,,99673270,https://www.canadabtcminers.ca/asic-miner-store/Bitmain-Antminer-S21-216TH-p799704490
product,799772254,00090,Bitmain Antminer S23 Hyd 580TH BRAND NEW,21350.00,,false,0,,1,,,true,https://d2j6dbq0eux0bg.cloudfront.net/images/99673270/5423640053.webp,,,,,,,,,,,,"<p><strong><span style=""font-size: 24px;""></span></strong><strong><span style=""font-size: 24px;"">Description</span></strong></p><div><h2><hr></h2></div><div><span class=""font-semibold text-dark/70 dark:text-white/70 "">Bitmain Antminer S23 Hyd (580Th)</span> is an ASIC miner designed for <span class=""font-semibold text-dark/70 dark:text-white/70"">SHA-256 algorithm</span>, specifically targeting <span class=""font-semibold text-dark/70 dark:text-white/70"">BTC (Bitcoin)</span> . It delivers a maximum hashrate of <span class=""font-semibold text-dark/70 dark:text-white/70"">580Th/s</span> while consuming <span class=""font-semibold text-dark/70 dark:text-white/70"">5510W of power, resulting in an energy efficiency of <span class=""font-semibold text-dark/70 dark:text-white/70"">9.5j/Th</span>.<div><h2>Specifications<hr></h2></div><table class=""w-full ecwid-description-table""><tbody><tr><td>Manufacturer</td><td>Bitmain</td></tr><tr><td>Model</td><td>Antminer S23 Hyd (580Th)</td></tr><tr><td>Also known as</td><td>Antminer S23 Hydro 580T</td></tr><tr><td>Release</td><td>Jan 2026</td></tr><tr><td>Size</td><td>410 x 170 x 209mm</td></tr><tr><td>Noise level</td><td>50dB</td></tr><tr><td>Power</td><td>5510W</td></tr><tr><td>Interface</td><td>Ethernet</td></tr><tr><td>Temperature</td><td>5 - 45 °C</td></tr><tr><td>Humidity</td><td>5 - 95 %<br><br></td></tr></tbody></table></span></div>",,true,39,,,0.0,true,,,,,false,GLOBAL_METHODS,0.00,0.00,,,default,false,Bitmain Antminer S23 Hyd 580TH BRAND NEW,"Description Bitmain Antminer S23 Hyd (580Th) is an ASIC miner designed for SHA-256 algorithm , specifically targeting BTC (Bitcoin) . It delivers a maximum hashrate of 580Th/s while consuming 5510W of power, resulting in an energy efficiency of 9.5j/Th . Specifications Manufacturer Bitmain Model…",,,false,,5,,,,,,,,,false,,,,,,,,,,,99673270,https://www.canadabtcminers.ca/asic-miner-store/Bitmain-Antminer-S23-Hyd-580TH-BRAND-NEW-p799772254
product,666889262,00037,Bitmain Antminer Xilinx 7007 control board C55,99.99,,false,0,,1,,,true,https://d2j6dbq0eux0bg.cloudfront.net/images/99673270/4360529364,,,,,,,,,,,,"<p>Elevate your mining equipment's performance with the Antminer C55 Control Board. Designed for seamless compatibility with specific mining models, this control board is crafted to optimize efficiency and ensure smooth operation. Engineered for durability, the C55 Control Board helps stabilize your system, minimize downtime, and maintain consistent mining output. Ideal for replacing outdated or malfunctioning boards, the Antminer C55 Control Board is a crucial component for maintaining peak operational efficiency in your mining rig.</p><p><br></p><p>The Xilinx 7007 Control Board C55 is compatible with several powerful miners, including:</p><ul><li>Antminer S19 series (S19, S19 Pro, S19j, S19j Pro, S19 XP)</li><li>Antminer L7</li><li>Antminer D7</li><li>Antminer KA3</li><li>Antminer K7</li><li>Antminer HS3</li></ul><ul><br></ul>",ASIC Miner Replacement Parts,false,,,,,false,,,,,false,FLAT_RATE,13.99,0.00,,,default,false,Bitmain Antminer Xilinx 7007 control board C55,"Elevate your mining equipment's performance with the Antminer C55 Control Board. Designed for seamless compatibility with specific mining models, this control board is crafted to optimize efficiency and ensure smooth operation. Engineered for durability, the C55 Control Board helps stabilize your…",,,false,,5,,,,,,,,,false,,,,,,,,,,,99673270,https://www.canadabtcminers.ca/asic-miner-store/Bitmain-Antminer-Xilinx-7007-control-board-C55-p666889262
product,666880245,00053,Bitmain APW9+ PSU for Antminer,75.99,,false,0,,1,,,true,https://d2j6dbq0eux0bg.cloudfront.net/images/99673270/4360649292,,,,,,,,,,,,"<p>The Bitmain APW9+ PSU is a durable power supply unit specifically crafted for the Antminer T17e, S17e, T17+, and S17+ models. Offering a power output of 3600W, it guarantees efficient performance of your mining equipment. </p>",ASIC Miner Replacement Parts,false,,,,,false,,,,,false,FLAT_RATE,49.99,0.00,,,default,false,Bitmain APW9+ PSU for Antminer,"The Bitmain APW9+ PSU is a durable power supply unit specifically crafted for the Antminer T17e, S17e, T17+, and S17+ models. Offering a power output of 3600W, it guarantees efficient performance of your mining equipment.",,,false,,5,,,,,,,,,false,,,,,,,,,,,99673270,https://www.canadabtcminers.ca/asic-miner-store/Bitmain-APW9-PSU-for-Antminer-p666880245
product,666884303,00036,Bitmain Xilinx 7007 Zync Control board Ctrl_C49,54.99,,false,0,,1,,,true,https://d2j6dbq0eux0bg.cloudfront.net/images/99673270/4360534504,,,,,,,,,,,,"<p>Get your miner operational quickly with the Replacement Control Board C49 for Antminer S17/S17PRO/T17. We offer top-quality replacement control boards, backed by a dedicated team of experts available around the clock to assist you. Stop the downtime and order your Replacement Control Board C49 for Antminer S17/S17PRO/T17.</p><p><br></p><h4>Compatible Models:</h4><ul><li>Antminer S17</li><li>Antminer S17 Pro</li><li>Antminer T17</li><li>Antminer T15</li><li>Antminer S15</li></ul>",ASIC Miner Replacement Parts,false,,,,,false,,,,,false,FLAT_RATE,13.99,0.00,,,default,false,Bitmain Xilinx 7007 Zync Control board Ctrl_C49,"Get your miner operational quickly with the Replacement Control Board C49 for Antminer S17/S17PRO/T17. We offer top-quality replacement control boards, backed by a dedicated team of experts available around the clock to assist you. Stop the downtime and order your Replacement Control Board C49 for…",,,false,,5,,,,,,,,,false,,,,,,,,,,,99673270,https://www.canadabtcminers.ca/asic-miner-store/Bitmain-Xilinx-7007-Zync-Control-board-Ctrl_C49-p666884303
product,799701739,00081,C20 to C19 power extension cable,9.99,,false,0,,1,,,true,https://d2j6dbq0eux0bg.cloudfront.net/images/99673270/5423144442.png,,,,,,,,,,,,<p>This product is 1 meter long and has a built-in 3-core thick copper core cable. The outer sheath is made of high-temperature resistant and flame-retardant material. It has the characteristics of stable power supply and low heat generation. It is suitable for extending the C20 plug. Suitable for common power supply types on the market: such as Whatsminer and Avalon miner.</p><div><div>Real 2.5m²</div><div><br></div></div><div></div><section><div></div></section>,ASIC Miner Replacement Parts,false,,,,,false,,,,,false,FREE_SHIPPING,0.00,0.00,,,default,false,C20 to C19 power extension cable,This product is 1 meter long and has a built-in 3-core thick copper core cable. The outer sheath is made of high-temperature resistant and flame-retardant material. It has the characteristics of stable power supply and low heat generation. It is suitable for extending the C20 plug. Suitable for…,,,false,,5,,,,,,,,,false,,,,,,,,,,,99673270,https://www.canadabtcminers.ca/asic-miner-store/C20-to-C19-power-extension-cable-p799701739
product,800784365,00093,Canaan Avalon A15Pro 221TH BRAND NEW,5150.00,,false,0,,1,,,true,https://d2j6dbq0eux0bg.cloudfront.net/images/99673270/5435430038.webp,,,,,,,,,,,,,,true,42,,,,false,,,,,false,GLOBAL_METHODS,0.00,0.00,,,default,false,Canaan Avalon A15Pro 221TH BRAND NEW,,,,true,,5,,,,,,,,,false,,,,,,,,,,,99673270,https://www.canadabtcminers.ca/asic-miner-store/Canaan-Avalon-A15Pro-221TH-BRAND-NEW-p800784365
product,800783107,00091,Canaan Avalon Q 90TH BRAND NEW,2700.00,,false,0,,1,,,true,https://d2j6dbq0eux0bg.cloudfront.net/images/99673270/5435319210.webp,,,,,,,,,,,,"<p><span style=""font-size: 24px;""><strong>Description</strong></span></p><div><h2><hr></h2></div><p><span class=""font-semibold text-dark/70 dark:text-white/70 "">Canaan Avalon Q</span> is an ASIC miner designed for <span class=""font-semibold text-dark/70 dark:text-white/70"">SHA-256 algorithm</span>, specifically targeting <span class=""font-semibold text-dark/70 dark:text-white/70"">BTC (Bitcoin)</span> . It delivers a maximum hashrate of <span class=""font-semibold text-dark/70 dark:text-white/70"">90Th/s</span> while consuming 1674W of power, resulting in an energy efficiency of <span class=""font-semibold text-dark/70 dark:text-white/70"">0.019j/Gh</span>.<span style=""font-size: 24px;""><br><br></span></p><div><h2><span style=""font-size: 24px;"">Specifications</span><hr></h2></div><table class=""w-full ecwid-description-table""><tbody><tr><td>Manufacturer</td><td>Canaan</td></tr><tr><td>Model</td><td>Avalon Q</td></tr><tr><td>Release</td><td>Mar 2025</td></tr><tr><td>Size</td><td>455 x 130 x 440mm</td></tr><tr><td>Weight</td><td>10.50kg</td></tr><tr><td>Chip size</td><td>4nm</td></tr><tr><td>Chip count</td><td>160</td></tr><tr><td>Noise level</td><td>45dB</td></tr><tr><td>Fan(s)</td><td>2</td></tr><tr><td>Power</td><td>1674W</td></tr><tr><td>Voltage</td><td>110-240V</td></tr><tr><td>Interface</td><td>Ethernet / Wifi</td></tr></tbody></table>",,true,40,,,,false,,,,,false,GLOBAL_METHODS,0.00,0.00,,,default,false,Canaan Avalon Q 90TH BRAND NEW,"Description Canaan Avalon Q is an ASIC miner designed for SHA-256 algorithm , specifically targeting BTC (Bitcoin) . It delivers a maximum hashrate of 90Th/s while consuming 1674W of power, resulting in an energy efficiency of 0.019j/Gh . Specifications Manufacturer Canaan Model Avalon Q Release Mar…",,,false,,5,,,,,,,,,false,,,,,,,,,,,99673270,https://www.canadabtcminers.ca/asic-miner-store/Canaan-Avalon-Q-90TH-BRAND-NEW-p800783107
product,799721637,00088,ElphaPex DG1+ 13G BRAND NEW,2850.00,,false,0,,1,,,true,https://d2j6dbq0eux0bg.cloudfront.net/images/99673270/5423502108.png,,,,,,,,,,,,"<p><span style=""font-size: 24px;""><strong>Description</strong></span></p><p><span class=""font-semibold text-dark/70 dark:text-white/70 "">ElphaPex DG1+ 13G</span> is an ASIC miner designed for <span class=""font-semibold text-dark/70 dark:text-white/70"">Scrypt algorithm</span>, specifically targeting <span class=""font-semibold text-dark/70 dark:text-white/70"">DOGE (Dogecoin)</span> and <span class=""font-semibold text-dark/70 dark:text-white/70"">LTC (Litecoin)</span>. It delivers a maximum hashrate of <span class=""font-semibold text-dark/70 dark:text-white/70"">13Gh/s</span> while consuming <span class=""font-semibold text-dark/70 dark:text-white/70"">3920W of power, resulting in an energy efficiency of <span class=""font-semibold text-dark/70 dark:text-white/70"">0.28j/Mh</span>.<br><br><br></span></p><div><h2>Specifications<hr></h2></div><table class=""w-full ecwid-description-table""><tbody><tr><td>Manufacturer</td><td>ElphaPex</td></tr><tr><td>Model</td><td>DG1+</td></tr><tr><td>Also known as</td><td>ElphaPex DG 1 Plus LTC+DOGE 13000M</td></tr><tr><td>Release</td><td>Jul 2024</td></tr><tr><td>Size</td><td>432 x 196 x 287mm</td></tr><tr><td>Weight</td><td>18.30kg</td></tr><tr><td>Noise level</td><td>75dB</td></tr><tr><td>Cooling</td><td>Air</td></tr><tr><td>Fan(s)</td><td>4</td></tr><tr><td>Power</td><td>3920W</td></tr><tr><td>Voltage</td><td>200-240V</td></tr><tr><td>Interface</td><td>RJ45 Ethernet 10/100M</td></tr><tr><td>Temperature</td><td>5 - 45 °C</td></tr><tr><td>Humidity</td><td>5 - 95 %</td></tr></tbody></table><p><span class=""font-semibold text-dark/70 dark:text-white/70""><br><br></span></p><span class=""font-semibold text-dark/70 dark:text-white/70""><br></span>",,true,37,,,,false,,,,,false,GLOBAL_METHODS,0.00,0.00,,,default,false,ElphaPex DG1+ 13G BRAND NEW,"Description ElphaPex DG1+ 13G is an ASIC miner designed for Scrypt algorithm , specifically targeting DOGE (Dogecoin) and LTC (Litecoin) . It delivers a maximum hashrate of 13Gh/s while consuming 3920W of power, resulting in an energy efficiency of 0.28j/Mh . Specifications Manufacturer ElphaPex…",799714456,00086,false,,5,,,,,,,,,false,,,,,,,,,,,99673270,https://www.canadabtcminers.ca/asic-miner-store/ElphaPex-DG1-13G-BRAND-NEW-p799721637
product,769987280,00071,ElphaPex DG1+ 14G BRAND NEW,3299.99,,false,0,,1,,,true,https://d2j6dbq0eux0bg.cloudfront.net/images/99673270/5070590393.png,,,,,,,,,,,,"<p><strong><span style=""font-size: 28px;""></span></strong><strong><span style=""font-size: 28px;"">Description</span></strong></p><div><h2><hr></h2></div><div><span class=""font-semibold text-dark/70 dark:text-white/70 "">ElphaPex DG1+</span> is an ASIC miner designed for <span class=""font-semibold text-dark/70 dark:text-white/70"">Scrypt algorithm</span>, specifically targeting <span class=""font-semibold text-dark/70 dark:text-white/70"">DOGE (Dogecoin)</span> and <span class=""font-semibold text-dark/70 dark:text-white/70"">LTC (Litecoin)</span>. It delivers a maximum hashrate of <span class=""font-semibold text-dark/70 dark:text-white/70"">14Gh/s</span> while consuming <span class=""font-semibold text-dark/70 dark:text-white/70"">3920W of power, resulting in an energy efficiency of <span class=""font-semibold text-dark/70 dark:text-white/70"">0.28j/Mh</span>.<div><h2>Specifications<hr></h2></div><table class=""w-full ecwid-description-table""><tbody><tr><td>Manufacturer</td><td>ElphaPex</td></tr><tr><td>Model</td><td>DG1+</td></tr><tr><td>Also known as</td><td>ElphaPex DG 1 Plus LTC+DOGE 14000M</td></tr><tr><td>Release</td><td>Jul 2024</td></tr><tr><td>Size</td><td>432 x 196 x 287mm</td></tr><tr><td>Weight</td><td>18.30kg</td></tr><tr><td>Noise level</td><td>75dB</td></tr><tr><td>Cooling</td><td>Air</td></tr><tr><td>Fan(s)</td><td>4</td></tr><tr><td>Power</td><td>3920W</td></tr><tr><td>Voltage</td><td>200-240V</td></tr><tr><td>Interface</td><td>RJ45 Ethernet 10/100M</td></tr><tr><td>Temperature</td><td>5 - 45 °C</td></tr><tr><td>Humidity</td><td>5 - 95 %</td></tr></tbody></table></span></div>",,true,32,,,,false,,,,,false,FLAT_RATE,129.99,0.00,,,default,false,ElphaPex DG1+ 14G BRAND NEW,"Description ElphaPex DG1+ is an ASIC miner designed for Scrypt algorithm , specifically targeting DOGE (Dogecoin) and LTC (Litecoin) . It delivers a maximum hashrate of 14Gh/s while consuming 3920W of power, resulting in an energy efficiency of 0.28j/Mh . Specifications Manufacturer ElphaPex Model…",,,false,,5,,,,,,,,,false,,,,,,,,,,,99673270,https://www.canadabtcminers.ca/asic-miner-store/ElphaPex-DG1-14G-BRAND-NEW-p769987280
product,800767975,00092,IceRiver ALEO AE3 2GH BRAND NEW,9550.00,,false,0,,1,,,true,https://d2j6dbq0eux0bg.cloudfront.net/images/99673270/5435319222.webp,,,,,,,,,,,,"<p><strong><span style=""font-size: 24px;""></span></strong><strong><span style=""font-size: 24px;"">Description</span></strong></p><div><h2><hr></h2></div><div><span class=""font-semibold text-dark/70 dark:text-white/70 "">IceRiver ALEO AE3</span> is an ASIC miner designed for <span class=""font-semibold text-dark/70 dark:text-white/70"">zkSNARK algorithm</span>, specifically targeting <span class=""font-semibold text-dark/70 dark:text-white/70"">ALEO (Aleo)</span> . It delivers a maximum hashrate of <span class=""font-semibold text-dark/70 dark:text-white/70"">2Gh/s</span> while consuming <span class=""font-semibold text-dark/70 dark:text-white/70"">3400W of power, resulting in an energy efficiency of <span class=""font-semibold text-dark/70 dark:text-white/70"">1.7j/Mh</span>.<div><h2><span style=""font-size: 24px;"">Specifications</span><hr></h2></div><table class=""w-full ecwid-description-table""><tbody><tr><td>Manufacturer</td><td>IceRiver</td></tr><tr><td>Model</td><td>ALEO AE3</td></tr><tr><td>Also known as</td><td>IceRiver Aleo AE3 2Gh</td></tr><tr><td>Release</td><td>Nov 2025</td></tr><tr><td>Size</td><td>370 x 195 x 290mm</td></tr><tr><td>Weight</td><td>15.00kg</td></tr><tr><td>Noise level</td><td>75dB</td></tr><tr><td>Power</td><td>3400W</td></tr><tr><td>Voltage</td><td>200-250V</td></tr><tr><td>Interface</td><td>Ethernet</td></tr><tr><td>Temperature</td><td>5 - 40 °C</td></tr><tr><td>Humidity</td><td>10 - 90 %</td></tr></tbody></table></span></div>",,true,41,,,,false,,,,,false,GLOBAL_METHODS,0.00,0.00,,,default,false,IceRiver ALEO AE3 2GH BRAND NEW,"Description IceRiver ALEO AE3 is an ASIC miner designed for zkSNARK algorithm , specifically targeting ALEO (Aleo) . It delivers a maximum hashrate of 2Gh/s while consuming 3400W of power, resulting in an energy efficiency of 1.7j/Mh . Specifications Manufacturer IceRiver Model ALEO AE3 Also known…",,,false,,5,,,,,,,,,false,,,,,,,,,,,99673270,https://www.canadabtcminers.ca/asic-miner-store/IceRiver-ALEO-AE3-2GH-BRAND-NEW-p800767975
product,799714456,00086,"NEMA 6-20P to C19 Heavy Duty Power Cord, 20A/250V, Power Extension Cord for PDU",19.99,,false,0,,1,,,true,https://d2j6dbq0eux0bg.cloudfront.net/images/99673270/5423309381.jpg,,,,,,,,,,,,"<p>High-Performance Connectivity: This 12 AWG AC power cord provides a reliable connection between NEMA 6-20P outlets and IEC C19 equipment inlets, ensuring optimal power transfer for high-voltage applications.</p>",ASIC Miner Replacement Parts,false,,,,,false,,,,,false,GLOBAL_METHODS,0.00,0.00,,,default,false,"NEMA 6-20P to C19 Heavy Duty Power Cord, 20A/250V, Power Extension Cord for PDU","High-Performance Connectivity: This 12 AWG AC power cord provides a reliable connection between NEMA 6-20P outlets and IEC C19 equipment inlets, ensuring optimal power transfer for high-voltage applications.",,,false,,5,,,,,,,,,false,,,,,,,,,,,99673270,https://www.canadabtcminers.ca/asic-miner-store/NEMA-6-20P-to-C19-Heavy-Duty-Power-Cord-20A-250V-Power-Extension-Cord-for-PDU-p799714456
product,666876978,00030,Replacement Hashboard for Antminer S19 95TH,74.99,,false,0,,1,,,true,https://d2j6dbq0eux0bg.cloudfront.net/images/99673270/4360483660,,,,,,,,,,,,"<p>Bitmain S19 95T replacement hashboard. Used, tested, and confirmed stable. Clean chips, steady temps, and ready for direct install into any standard S19 95T unit. Suitable for stock operation.</p>",ASIC Miner Hashboards,false,,,,,false,,,,,false,FLAT_RATE,0.00,0.00,,,default,false,Replacement Hashboard for Antminer S19 95TH,"Bitmain S19 95T replacement hashboard. Used, tested, and confirmed stable. Clean chips, steady temps, and ready for direct install into any standard S19 95T unit. Suitable for stock operation.",,,false,,5,,,,,,,,,false,,,,,,,,,,,99673270,https://www.canadabtcminers.ca/asic-miner-store/Replacement-Hashboard-for-Antminer-S19-95TH-p666876978
product,799704472,00084,Replacement Hashboard For Antminer S19j Pro 104TH,99.99,,false,0,,1,,,true,https://d2j6dbq0eux0bg.cloudfront.net/images/99673270/5423226604.jpg,,,,,,,,,,,,"<p>Bitmain S19j Pro 104T replacement hashboard. Used, tested, and confirmed stable in our repair centre. Clean chips, normal temps, and ready to install. Suitable for units running full stock settings.</p>",ASIC Miner Hashboards,false,,,,,false,,,,,false,FREE_SHIPPING,0.00,0.00,,,default,false,Replacement Hashboard For Antminer S19j Pro 104TH,"Bitmain S19j Pro 104T replacement hashboard. Used, tested, and confirmed stable in our repair centre. Clean chips, normal temps, and ready to install. Suitable for units running full stock settings.",,,false,,5,,,,,,,,,false,,,,,,,,,,,99673270,https://www.canadabtcminers.ca/asic-miner-store/Replacement-Hashboard-For-Antminer-S19j-Pro-104TH-p799704472
product,666882354,00034,Replacement Hashboard  For Antminer S19 Pro 110TH,129.99,,false,0,,1,,,true,https://d2j6dbq0eux0bg.cloudfront.net/images/99673270/4360520151,,,,,,,,,,,,"<p>Bitmain S19 Pro 110T replacement hashboard. Fully tested and stable. Clean chips, normal thermal performance, and ready to drop into any S19 Pro 110T unit running standard settings.</p><article><div><div><div></div><div><div></div></div></div></div></article><div></div>",ASIC Miner Hashboards,false,,,,,false,,,,,false,FREE_SHIPPING,59.99,0.00,,,default,false,Replacement Hashboard  For Antminer S19 Pro 110TH,"Bitmain S19 Pro 110T replacement hashboard. Fully tested and stable. Clean chips, normal thermal performance, and ready to drop into any S19 Pro 110T unit running standard settings.",,,false,,5,,,,,,,,,false,,,,,,,,,,,99673270,https://www.canadabtcminers.ca/asic-miner-store/Replacement-Hashboard-For-Antminer-S19-Pro-110TH-p666882354
product,799704473,00085,Replacement Hashboard For Antminer S19XP 141TH,299.99,,false,0,,1,,,true,https://d2j6dbq0eux0bg.cloudfront.net/images/99673270/5423301018.png,,,,,,,,,,,,"<p>Bitmain S19 XP 141T replacement hashboard. Tested, stable, and clean. Strong chip readings, solid thermal performance, and ready for direct install in any S19 XP 141T running stock settings.</p><article><div><div><div></div><div><div></div></div></div></div></article><div></div>",ASIC Miner Hashboards,false,,,,,false,,,,,false,FREE_SHIPPING,0.00,0.00,,,default,false,Replacement Hashboard For Antminer S19XP 141TH,"Bitmain S19 XP 141T replacement hashboard. Tested, stable, and clean. Strong chip readings, solid thermal performance, and ready for direct install in any S19 XP 141T running stock settings.",,,false,,5,,,,,,,,,false,,,,,,,,,,,99673270,https://www.canadabtcminers.ca/asic-miner-store/Replacement-Hashboard-For-Antminer-S19XP-141TH-p799704473
product,666882332,00032,Replacement hashboard for Antminer T17,29.99,,false,0,,1,,,true,https://d2j6dbq0eux0bg.cloudfront.net/images/99673270/4360488374,,,,,,,,,,,,"<p>The Replacement Hashboard for the Antminer T17 is an essential part of your mining setup, equipped with 30 BM1397 chips. Enhance your Bitcoin mining efficiency with our Replacement Hashboard, specifically designed for durability and long-term performance. Featuring double-sided heat dissipation, it keeps your mining operations cool and efficient. Resolve hardware setbacks and restore your system to its full operational capacity by replacing your faulty hashboard with our Antminer T17 hashboard, and achieve full hashrate once more.</p>",ASIC Miner Hashboards,false,,,,,false,,,,,false,FLAT_RATE,0.00,0.00,,,default,false,Replacement hashboard for Antminer T17,"The Replacement Hashboard for the Antminer T17 is an essential part of your mining setup, equipped with 30 BM1397 chips. Enhance your Bitcoin mining efficiency with our Replacement Hashboard, specifically designed for durability and long-term performance. Featuring double-sided heat dissipation, it…",,,false,,5,,,,,,,,,false,,,,,,,,,,,99673270,https://www.canadabtcminers.ca/asic-miner-store/Replacement-hashboard-for-Antminer-T17-p666882332
product,666880107,00035,Replacement Hashboard for Antminer T17 Plus,29.99,,false,0,,1,,,true,https://d2j6dbq0eux0bg.cloudfront.net/images/99673270/4360520241,,,,,,,,,,,,"<p>Enhance your mining rig with the Antminer T17+ Replacement Hashboard. Featuring cutting-edge BM1397 chips, this hashboard optimizes efficiency and boosts profitability for your T17+ series. Each board undergoes rigorous testing to ensure top-notch reliability. It's ideal for improving performance and prolonging the life of your equipment. Essential for sustaining maximum mining productivity, the T17+ Replacement Hashboard is a wise choice for any committed cryptocurrency miner.</p>",ASIC Miner Hashboards,false,,,,,false,,,,,false,FREE_SHIPPING,0.00,0.00,,,default,false,Replacement Hashboard for Antminer T17 Plus,"Enhance your mining rig with the Antminer T17+ Replacement Hashboard. Featuring cutting-edge BM1397 chips, this hashboard optimizes efficiency and boosts profitability for your T17+ series. Each board undergoes rigorous testing to ensure top-notch reliability. It's ideal for improving performance…",,,false,,5,,,,,,,,,false,,,,,,,,,,,99673270,https://www.canadabtcminers.ca/asic-miner-store/Replacement-Hashboard-for-Antminer-T17-Plus-p666880107
product,800783108,00094,VolcMiner D1 18.5GH,5999.99,,false,0,,1,,,true,https://d2j6dbq0eux0bg.cloudfront.net/images/99673270/5435430044.webp,,,,,,,,,,,,"<p><strong><span style=""font-size: 24px;"">Description</span></strong></p><div><h2><hr></h2></div><div><span class=""font-semibold text-dark/70 dark:text-white/70 "">VolcMiner D1 (18.5Gh)</span> is an ASIC miner designed for <span class=""font-semibold text-dark/70 dark:text-white/70"">Scrypt algorithm</span>, specifically targeting <span class=""font-semibold text-dark/70 dark:text-white/70"">DOGE (Dogecoin)</span> and <span class=""font-semibold text-dark/70 dark:text-white/70"">LTC (Litecoin)</span>. It delivers a maximum hashrate of <span class=""font-semibold text-dark/70 dark:text-white/70"">18.5Gh/s</span> while consuming <span class=""font-semibold text-dark/70 dark:text-white/70"">4250W of power, resulting in an energy efficiency of <span class=""font-semibold text-dark/70 dark:text-white/70"">0.23j/Mh</span>.<div><h2>Specifications<hr></h2></div><table class=""w-full ecwid-description-table""><tbody><tr><td>Manufacturer</td><td>VolcMiner</td></tr><tr><td>Model</td><td>D1 (18.5Gh)</td></tr><tr><td>Also known as</td><td>VolcMiner D1 18.5Gh/s</td></tr><tr><td>Release</td><td>Oct 2024</td></tr><tr><td>Size</td><td>335 x 217 x 395mm</td></tr><tr><td>Weight</td><td>17.55kg</td></tr><tr><td>Noise level</td><td>75dB</td></tr><tr><td>Fan(s)</td><td>4</td></tr><tr><td>Power</td><td>4250W</td></tr><tr><td>Interface</td><td>Ethernet<br><br></td></tr></tbody></table></span></div>",,true,43,,,,false,,,,,false,GLOBAL_METHODS,0.00,0.00,,,default,false,VolcMiner D1 18.5GH,"Description VolcMiner D1 (18.5Gh) is an ASIC miner designed for Scrypt algorithm , specifically targeting DOGE (Dogecoin) and LTC (Litecoin) . It delivers a maximum hashrate of 18.5Gh/s while consuming 4250W of power, resulting in an energy efficiency of 0.23j/Mh . Specifications Manufacturer…",,,false,,5,,,,,,,,,false,,,,,,,,,,,99673270,https://www.canadabtcminers.ca/asic-miner-store/VolcMiner-D1-18-5GH-p800783108
product,642403267,00017,WhatsMiner M20S 68Th USED,199.99,,false,0,,1,,,true,https://d2j6dbq0eux0bg.cloudfront.net/images/99673270/products/642403267/4211527966.jpg,,https://d2j6dbq0eux0bg.cloudfront.net/images/99673270/products/642403267/4211538439.jpg,,,,,,,,,,"<p>Model <strong>Whatsminer M20S </strong>from <strong>MicroBT </strong>mining <strong>SHA-256 algorithm </strong>with a maximum hashrate of <strong>68Th/s </strong>for a power consumption of <strong>3360W.</strong></p><h2>Specifications</h2><table class=""table table-striped ecwid-description-table""><tbody><tr><th>Manufacturer</th><td>MicroBT</td></tr><tr><th>Model</th><td>Whatsminer M20S</td></tr><tr><th>Release</th><td>August 2019</td></tr><tr><th>Size</th><td>130 x 220 x 390mm</td></tr><tr><th>Weight</th><td>12500g</td></tr><tr><th>Chip name</th><td>TSMC</td></tr><tr><th>Chip size</th><td>12nm</td></tr><tr><th>Noise level</th><td>75db</td></tr><tr><th>Fan(s)</th><td>2</td></tr><tr><th>Power</th><td>3360W</td></tr><tr><th>Voltage</th><td>12V</td></tr><tr><th>Interface</th><td>Ethernet</td></tr><tr><th>Temperature</th><td>-5 - 40 °C</td></tr><tr><th>Humidity</th><td>5 - 95 %</td></tr></tbody></table>",,true,14,MicroBT Whatsminer,,,false,,,,,false,FLAT_RATE,75.00,0.00,,,default,false,WhatsMiner M20S 68Th USED,Model Whatsminer M20S from MicroBT mining SHA-256 algorithm with a maximum hashrate of 68Th/s for a power consumption of 3360W. Specifications Manufacturer MicroBT Model Whatsminer M20S Release August 2019 Size 130 x 220 x 390mm Weight 12500g Chip name TSMC Chip size 12nm Noise level 75db Fan(s) 2…,799714456,00086,false,,5,,,,,,,,,false,,,,,,,,,,,99673270,https://www.canadabtcminers.ca/asic-miner-store/WhatsMiner-M20S-68Th-USED-p642403267
product,642403266,00016,WhatsMiner M30S 76TH USED,225.00,,false,0,,1,,,true,https://d2j6dbq0eux0bg.cloudfront.net/images/99673270/products/642403266/4211527901.jpg,,https://d2j6dbq0eux0bg.cloudfront.net/images/99673270/products/642403266/4211527906.jpg,,,,,,,,,,"<p>Model <strong>Whatsminer M30S </strong>from <strong>MicroBT </strong>mining <strong>SHA-256 algorithm </strong>with a maximum hashrate of 76<strong>Th/s </strong>for a power consumption of <strong>3268W.</strong></p><h2>Specifications</h2><table class=""table table-striped ecwid-description-table""><tbody><tr><th>Manufacturer</th><td>MicroBT</td></tr><tr><th>Model</th><td>Whatsminer M30S</td></tr><tr><th>Release</th><td>April 2020</td></tr><tr><th>Size</th><td>150 x 225 x 390mm</td></tr><tr><th>Weight</th><td>10500g</td></tr><tr><th>Chip boards</th><td>3</td></tr><tr><th>Chip name</th><td>Samsung</td></tr><tr><th>Chip size</th><td>8nm</td></tr><tr><th>Chip count</th><td>444</td></tr><tr><th>Noise level</th><td>72db</td></tr><tr><th>Fan(s)</th><td>2</td></tr><tr><th>Power</th><td>3268W</td></tr><tr><th>Voltage</th><td>12V</td></tr><tr><th>Interface</th><td>Ethernet</td></tr><tr><th>Temperature</th><td>-5 - 35 °C</td></tr><tr><th>Humidity</th><td>5 - 95 %</td></tr></tbody></table>",,true,13,MicroBT Whatsminer,,,false,,,,,false,FLAT_RATE,75.00,0.00,,,default,false,WhatsMiner M30S 76TH USED,Model Whatsminer M30S from MicroBT mining SHA-256 algorithm with a maximum hashrate of 76 Th/s for a power consumption of 3268W. Specifications Manufacturer MicroBT Model Whatsminer M30S Release April 2020 Size 150 x 225 x 390mm Weight 10500g Chip boards 3 Chip name Samsung Chip size 8nm Chip count…,799714456,00086,false,,5,,,,,,,,,false,,,,,,,,,,,99673270,https://www.canadabtcminers.ca/asic-miner-store/WhatsMiner-M30S-76TH-USED-p642403266
product,673979279,00060,WhatsMiner M50 (114)Th,999.99,,false,0,,1,,,true,https://d2j6dbq0eux0bg.cloudfront.net/images/99673270/4397231926,,,,,,,,,,,,"<p>Model <span class=""font-semibold text-dark/70 dark:text-white/70 "">Whatsminer M50</span> from <span class=""font-semibold text-dark/70 dark:text-white/70"">MicroBT</span> mining <span class=""font-semibold text-dark/70 dark:text-white/70"">SHA-256 algorithm</span> with a maximum hashrate of <span class=""font-semibold text-dark/70 dark:text-white/70"">114Th/s</span> for a power consumption of <span class=""font-semibold text-dark/70 dark:text-white/70"">3306W</span>.</p><div><h2>Specifications<hr></h2></div><table class=""w-full ecwid-description-table""><tbody><tr><td>Manufacturer</td><td>MicroBT</td></tr><tr><td>Model</td><td>Whatsminer M50</td></tr><tr><td>Release</td><td>Jun 2022</td></tr><tr><td>Size</td><td>125 x 225 x 425mm</td></tr><tr><td>Chip size</td><td>5nm</td></tr><tr><td>Noise level</td><td>75db</td></tr><tr><td>Fan(s)</td><td>2</td></tr><tr><td>Power</td><td>3306W</td></tr><tr><td>Interface</td><td>Ethernet</td></tr><tr><td>Temperature</td><td>5 - 45 °C</td></tr><tr><td>Humidity</td><td>5 - 95 %</td></tr></tbody></table>",,true,22,MicroBT Whatsminer,,,false,,,,,false,FLAT_RATE,99.99,0.00,,,default,false,WhatsMiner M50 (114)Th,Model Whatsminer M50 from MicroBT mining SHA-256 algorithm with a maximum hashrate of 114Th/s for a power consumption of 3306W . Specifications Manufacturer MicroBT Model Whatsminer M50 Release Jun 2022 Size 125 x 225 x 425mm Chip size 5nm Noise level 75db Fan(s) 2 Power 3306W Interface Ethernet…,799714456,00086,false,,5,,,,,,,,,false,,,,,,,,,,,99673270,https://www.canadabtcminers.ca/asic-miner-store/WhatsMiner-M50-114-Th-p673979279
product,673979281,00061,WhatsMiner M60 (172)Th,3899.99,,false,0,,1,,,true,https://d2j6dbq0eux0bg.cloudfront.net/images/99673270/4397246518,,,,,,,,,,,,"<p>Model <span class=""font-semibold text-dark/70 dark:text-white/70 "">WhatsMiner M60</span> from <span class=""font-semibold text-dark/70 dark:text-white/70"">MicroBT</span> mining <span class=""font-semibold text-dark/70 dark:text-white/70"">SHA-256 algorithm</span> with a maximum hashrate of <span class=""font-semibold text-dark/70 dark:text-white/70"">172Th/s</span> for a power consumption of <span class=""font-semibold text-dark/70 dark:text-white/70"">3422W</span>.</p><div><h2>Specifications<hr></h2></div><table class=""w-full ecwid-description-table""><tbody><tr><td>Manufacturer</td><td>MicroBT</td></tr><tr><td>Model</td><td>WhatsMiner M60</td></tr><tr><td>Release</td><td>Jan 2024</td></tr><tr><td>Size</td><td>430 x 155 x 226mm</td></tr><tr><td>Weight</td><td>13500g</td></tr><tr><td>Chip size</td><td>5nm</td></tr><tr><td>Noise level</td><td>75db</td></tr><tr><td>Fan(s)</td><td>2</td></tr><tr><td>Power</td><td>3422W</td></tr><tr><td>Interface</td><td>Ethernet</td></tr></tbody></table>",,true,23,,,,false,,,,,false,FLAT_RATE,99.99,0.00,,,default,false,WhatsMiner M60 (172)Th,Model WhatsMiner M60 from MicroBT mining SHA-256 algorithm with a maximum hashrate of 172Th/s for a power consumption of 3422W . Specifications Manufacturer MicroBT Model WhatsMiner M60 Release Jan 2024 Size 430 x 155 x 226mm Weight 13500g Chip size 5nm Noise level 75db Fan(s) 2 Power 3422W…,799714456,00086,false,,5,,,,,,,,,false,,,,,,,,,,,99673270,https://www.canadabtcminers.ca/asic-miner-store/WhatsMiner-M60-172-Th-p673979281
product,769987262,00066,WhatsMiner M61 202TH,2999.99,,false,0,,1,,,true,https://d2j6dbq0eux0bg.cloudfront.net/images/99673270/5070514721.png,,,,,,,,,,,,"<p><strong><span style=""font-size: 28px;""></span></strong><strong><span style=""font-size: 28px;"">Product description:</span></strong></p><p>The MicroBT WhatsMiner M61 is a high-performance Bitcoin ASIC mining machine designed for efficiency and flexibility. It has two operating modes, normal mode, and overclocked mode, allowing miners to choose the best settings for their needs. Normal mode provides a reliable 202TH/s hash rate with a power consumption of 4000W, perfect for balancing performance and energy efficiency. Overclocked mode increases performance to an impressive 220TH/s at 4800W, maximizing output for those who want to increase mining power.</p>",,true,27,,,,false,,,,,false,FLAT_RATE,99.99,0.00,,,default,false,WhatsMiner M61 202TH,"Product description: The MicroBT WhatsMiner M61 is a high-performance Bitcoin ASIC mining machine designed for efficiency and flexibility. It has two operating modes, normal mode, and overclocked mode, allowing miners to choose the best settings for their needs. Normal mode provides a reliable…",799714456,00086,false,,5,,,,,,,,,false,,,,,,,,,,,99673270,https://www.canadabtcminers.ca/asic-miner-store/WhatsMiner-M61-202TH-p769987262
